[Architectury Transformer] Architectury Runtime 5.2.91
[Architectury Transformer DEBUG] Closed File Systems for D:\SolidState Driver\bandits mod development\26_Too Many Bows\common\build\libs\Too_Many_Bows-common-1.0.0-26.2-dev.jar
[Architectury Transformer DEBUG] Preparing tiny remapper prepared transformer: dev.architectury.transformer.handler.TinyRemapperPreparedTransformerHandler
[Architectury Transformer DEBUG] Provided 121 classpath jar(s):
[Architectury Transformer DEBUG]  - C:\Users\noide\.gradle\caches\modules-2\files-2.1\dev.architectury\architectury-fabric\21.0.7\7c00161fc93303ba504f02f6bf3e3f42b99e1d84\architectury-fabric-21.0.7.jar
[Architectury Transformer DEBUG]  - C:\Users\noide\.gradle\caches\modules-2\files-2.1\net.fabricmc.fabric-api\fabric-api\0.156.0+26.2\d96e0d9ef8ea3604fac4ca7495d7c6148f3ac816\fabric-api-0.156.0+26.2.jar
[Architectury Transformer DEBUG]  - C:\Users\noide\.gradle\caches\modules-2\files-2.1\dev.architectury\architectury-injectables\1.0.10\62db2a366d662606d1b23ad02ccc3212ed37ec3\architectury-injectables-1.0.10.jar
[Architectury Transformer DEBUG]  - C:\Users\noide\.gradle\caches\modules-2\files-2.1\net.fabricmc\fabric-loader\0.19.3\354dfaa02d0552e11867f85dff7cdbfaf813ba3e\fabric-loader-0.19.3.jar
[Architectury Transformer DEBUG]  - C:\Users\noide\.gradle\caches\modules-2\files-2.1\eu.pb4\trinkets\4.1.0-beta.3+26.2\5896de594e5c03158cf5d98ec46d97284287b184\trinkets-4.1.0-beta.3+26.2.jar
[Architectury Transformer DEBUG]  - C:\Users\noide\.gradle\caches\modules-2\files-2.1\dev.yumi.mc.core\yumi-mc-foundation\1.1.1+26.2\92684b98a993f656cab0ee0f8d8d389487841748\yumi-mc-foundation-1.1.1+26.2.jar
[Architectury Transformer DEBUG]  - C:\Users\noide\.gradle\caches\modules-2\files-2.1\dev.yumi.commons\yumi-commons-event\2.0.0\1e5b42131c6b9c08bbcfbb29e119e254ce0248cb\yumi-commons-event-2.0.0.jar
[Architectury Transformer DEBUG]  - C:\Users\noide\.gradle\caches\modules-2\files-2.1\dev.yumi.commons\yumi-commons-collections\2.0.0\f449d184673fd602bf371cb1efa81c751d17bee0\yumi-commons-collections-2.0.0.jar
[Architectury Transformer DEBUG]  - C:\Users\noide\.gradle\caches\modules-2\files-2.1\dev.yumi.commons\yumi-commons-core\2.0.0\f5efa034fed033bf8cdc3c4c09a52d99d1b4772d\yumi-commons-core-2.0.0.jar
[Architectury Transformer DEBUG]  - C:\Users\noide\.gradle\caches\modules-2\files-2.1\org.jetbrains\annotations\26.0.2\c7ce3cdeda3d18909368dfe5977332dfad326c6d\annotations-26.0.2.jar
[Architectury Transformer DEBUG]  - C:\Users\noide\.gradle\caches\modules-2\files-2.1\org.ow2.asm\asm\9.10.1\ada2141c0cc52ee8f5c48cd5fa4ce0e794f22236\asm-9.10.1.jar
[Architectury Transformer DEBUG]  - C:\Users\noide\.gradle\caches\modules-2\files-2.1\org.ow2.asm\asm-analysis\9.10.1\8d49f14d51f632cb1d87c88d1ceaf50db0d8af1b\asm-analysis-9.10.1.jar
[Architectury Transformer DEBUG]  - C:\Users\noide\.gradle\caches\modules-2\files-2.1\org.ow2.asm\asm-commons\9.10.1\4229e4c55fd8e01c23f9fe9884075cc628aacc50\asm-commons-9.10.1.jar
[Architectury Transformer DEBUG]  - C:\Users\noide\.gradle\caches\modules-2\files-2.1\org.ow2.asm\asm-tree\9.10.1\e244332a17564c1d1572449399a842de35881be2\asm-tree-9.10.1.jar
[Architectury Transformer DEBUG]  - C:\Users\noide\.gradle\caches\modules-2\files-2.1\org.ow2.asm\asm-util\9.10.1\7bb9d450e8d4cbf9f9e04096c44bbfe7fba80b15\asm-util-9.10.1.jar
[Architectury Transformer DEBUG]  - C:\Users\noide\.gradle\caches\modules-2\files-2.1\net.fabricmc\sponge-mixin\0.17.3+mixin.0.8.7\41c4a3984a80f4679e759fb9f495587acc5cdac7\sponge-mixin-0.17.3+mixin.0.8.7.jar
[Architectury Transformer DEBUG]  - C:\Users\noide\.gradle\caches\modules-2\files-2.1\io.github.llamalad7\mixinextras-fabric\0.5.4\5e167154bcb9942111313a5e186e16cd7265f858\mixinextras-fabric-0.5.4.jar
[Architectury Transformer DEBUG]  - C:\Users\noide\.gradle\caches\modules-2\files-2.1\at.yawk.lz4\lz4-java\1.10.1\f541d7f910fe3d76f38f799c507c48cc81b12ecb\lz4-java-1.10.1.jar
[Architectury Transformer DEBUG]  - C:\Users\noide\.gradle\caches\modules-2\files-2.1\com.azure\azure-json\1.4.0\fcc1d354dbc3e0300e5276b1bf124d0247799cd8\azure-json-1.4.0.jar
[Architectury Transformer DEBUG]  - C:\Users\noide\.gradle\caches\modules-2\files-2.1\com.github.oshi\oshi-core\6.9.0\3224870731860cfcd7744581a05b559e94291e7\oshi-core-6.9.0.jar
[Architectury Transformer DEBUG]  - C:\Users\noide\.gradle\caches\modules-2\files-2.1\com.google.code.gson\gson\2.14.0\efc0e34ede4e3204eaefb84a00e55e8c86634382\gson-2.14.0.jar
[Architectury Transformer DEBUG]  - C:\Users\noide\.gradle\caches\modules-2\files-2.1\com.google.guava\failureaccess\1.0.3\aeaffd00d57023a2c947393ed251f0354f0985fc\failureaccess-1.0.3.jar
[Architectury Transformer DEBUG]  - C:\Users\noide\.gradle\caches\modules-2\files-2.1\com.google.guava\guava\33.6.0-jre\c376b13067cc99a5774403530953f7b05a91e218\guava-33.6.0-jre.jar
[Architectury Transformer DEBUG]  - C:\Users\noide\.gradle\caches\modules-2\files-2.1\com.ibm.icu\icu4j\78.3\6a851a53bb1f25689fc418dcc8935b0d93580adf\icu4j-78.3.jar
[Architectury Transformer DEBUG]  - C:\Users\noide\.gradle\caches\modules-2\files-2.1\com.microsoft.azure\msal4j\1.24.1\c233f2d047b9755f7041adf21a858c680e4c9242\msal4j-1.24.1.jar
[Architectury Transformer DEBUG]  - C:\Users\noide\.gradle\caches\modules-2\files-2.1\com.mojang\authlib\9.0.75\d61056a234d5e4b272e09d59b0713f80d6c0b6af\authlib-9.0.75.jar
[Architectury Transformer DEBUG]  - C:\Users\noide\.gradle\caches\modules-2\files-2.1\com.mojang\blocklist\1.0.10\5c685c5ffa94c4cd39496c7184c1d122e515ecef\blocklist-1.0.10.jar
[Architectury Transformer DEBUG]  - C:\Users\noide\.gradle\caches\modules-2\files-2.1\com.mojang\brigadier\1.3.10\d15b53a14cf20fdcaa98f731af5dda654452c010\brigadier-1.3.10.jar
[Architectury Transformer DEBUG]  - C:\Users\noide\.gradle\caches\modules-2\files-2.1\com.mojang\datafixerupper\10.0.21\b6b2ae770c02e0c1eb90f9985b151e9085a38d0b\datafixerupper-10.0.21.jar
[Architectury Transformer DEBUG]  - C:\Users\noide\.gradle\caches\modules-2\files-2.1\com.mojang\jtracy\1.0.37\a3fb649b2e2b2288d2978f0b0bc3d83f62809d1e\jtracy-1.0.37.jar
[Architectury Transformer DEBUG]  - C:\Users\noide\.gradle\caches\modules-2\files-2.1\com.mojang\logging\1.7.12\351cea64a5233361327d8d54c44277041beed97f\logging-1.7.12.jar
[Architectury Transformer DEBUG]  - C:\Users\noide\.gradle\caches\modules-2\files-2.1\com.mojang\patchy\2.2.10\da05971b07cbb379d002cf7eaec6a2048211fefc\patchy-2.2.10.jar
[Architectury Transformer DEBUG]  - C:\Users\noide\.gradle\caches\modules-2\files-2.1\com.mojang\text2speech\1.19.12\2e517a75c79d34d32de2b5d68422150836c2133e\text2speech-1.19.12.jar
[Architectury Transformer DEBUG]  - C:\Users\noide\.gradle\caches\modules-2\files-2.1\commons-codec\commons-codec\1.22.0\6b3eb4beb7058c2a638f5f17bcb388649fd339dd\commons-codec-1.22.0.jar
[Architectury Transformer DEBUG]  - C:\Users\noide\.gradle\caches\modules-2\files-2.1\commons-io\commons-io\2.20.0\36f3474daec2849c149e877614e7f979b2082cd2\commons-io-2.20.0.jar
[Architectury Transformer DEBUG]  - C:\Users\noide\.gradle\caches\modules-2\files-2.1\io.netty\netty-buffer\4.2.15.Final\2beb620803bf871cda2dd5d46b8f831e8015dd34\netty-buffer-4.2.15.Final.jar
[Architectury Transformer DEBUG]  - C:\Users\noide\.gradle\caches\modules-2\files-2.1\io.netty\netty-codec-base\4.2.15.Final\e97149fdd5fb04858efa90e314651c8d700dc68b\netty-codec-base-4.2.15.Final.jar
[Architectury Transformer DEBUG]  - C:\Users\noide\.gradle\caches\modules-2\files-2.1\io.netty\netty-codec-compression\4.2.15.Final\89fc4a20b7ae6af974304b1695405e62c4f9b16d\netty-codec-compression-4.2.15.Final.jar
[Architectury Transformer DEBUG]  - C:\Users\noide\.gradle\caches\modules-2\files-2.1\io.netty\netty-codec-http\4.2.15.Final\e611826aa054371bb9a17f27bdb05755a4cac5f0\netty-codec-http-4.2.15.Final.jar
[Architectury Transformer DEBUG]  - C:\Users\noide\.gradle\caches\modules-2\files-2.1\io.netty\netty-common\4.2.15.Final\7222492c1af9c2d4d78d521eea340a619e242fda\netty-common-4.2.15.Final.jar
[Architectury Transformer DEBUG]  - C:\Users\noide\.gradle\caches\modules-2\files-2.1\io.netty\netty-handler\4.2.15.Final\d5344afd1148e3b9927a74be019605ebb0937a93\netty-handler-4.2.15.Final.jar
[Architectury Transformer DEBUG]  - C:\Users\noide\.gradle\caches\modules-2\files-2.1\io.netty\netty-resolver\4.2.15.Final\b961a16d379b508b473e064ba06842bba280f4e3\netty-resolver-4.2.15.Final.jar
[Architectury Transformer DEBUG]  - C:\Users\noide\.gradle\caches\modules-2\files-2.1\io.netty\netty-transport-classes-epoll\4.2.15.Final\44bafba9c9993800e955b365bba4981326f3f3b1\netty-transport-classes-epoll-4.2.15.Final.jar
[Architectury Transformer DEBUG]  - C:\Users\noide\.gradle\caches\modules-2\files-2.1\io.netty\netty-transport-classes-kqueue\4.2.15.Final\f248656bb907607c5a41c7b61fd918a97db79250\netty-transport-classes-kqueue-4.2.15.Final.jar
[Architectury Transformer DEBUG]  - C:\Users\noide\.gradle\caches\modules-2\files-2.1\io.netty\netty-transport-native-unix-common\4.2.15.Final\efb6943b4de9e0226a5ac35330f232605424af02\netty-transport-native-unix-common-4.2.15.Final.jar
[Architectury Transformer DEBUG]  - C:\Users\noide\.gradle\caches\modules-2\files-2.1\io.netty\netty-transport\4.2.15.Final\a000c3a6196ee40207b73ac619dcb339409dd62f\netty-transport-4.2.15.Final.jar
[Architectury Transformer DEBUG]  - C:\Users\noide\.gradle\caches\modules-2\files-2.1\it.unimi.dsi\fastutil\8.5.18\a6cff377eecc19c2037bf31568a6d7106b50ba1f\fastutil-8.5.18.jar
[Architectury Transformer DEBUG]  - C:\Users\noide\.gradle\caches\modules-2\files-2.1\net.java.dev.jna\jna-platform\5.17.0\a4934c44d25a9d8c2ddf4203affd20330cb3426f\jna-platform-5.17.0.jar
[Architectury Transformer DEBUG]  - C:\Users\noide\.gradle\caches\modules-2\files-2.1\net.java.dev.jna\jna\5.17.0\33d12735bef894440780fce64f9758d420c7bae2\jna-5.17.0.jar
[Architectury Transformer DEBUG]  - C:\Users\noide\.gradle\caches\modules-2\files-2.1\net.sf.jopt-simple\jopt-simple\5.0.4\4fdac2fbe92dfad86aa6e9301736f6b4342a3f5c\jopt-simple-5.0.4.jar
[Architectury Transformer DEBUG]  - C:\Users\noide\.gradle\caches\modules-2\files-2.1\org.apache.commons\commons-compress\1.28.0\e482f2c7a88dac3c497e96aa420b6a769f59c8d7\commons-compress-1.28.0.jar
[Architectury Transformer DEBUG]  - C:\Users\noide\.gradle\caches\modules-2\files-2.1\org.apache.commons\commons-lang3\3.20.0\65897b3e5731220962e659e001904af3c3cbeba9\commons-lang3-3.20.0.jar
[Architectury Transformer DEBUG]  - C:\Users\noide\.gradle\caches\modules-2\files-2.1\org.apache.logging.log4j\log4j-api\2.26.0\ad52af0ecf054a7e3f275a2e180ee06d9c490951\log4j-api-2.26.0.jar
[Architectury Transformer DEBUG]  - C:\Users\noide\.gradle\caches\modules-2\files-2.1\org.apache.logging.log4j\log4j-core\2.26.0\d267ca60b27ddb075e0b4e75e7875859717bf85f\log4j-core-2.26.0.jar
[Architectury Transformer DEBUG]  - C:\Users\noide\.gradle\caches\modules-2\files-2.1\org.apache.logging.log4j\log4j-slf4j2-impl\2.26.0\668c0f0e813d83f00a7182533aa658ec7e7a0a0d\log4j-slf4j2-impl-2.26.0.jar
[Architectury Transformer DEBUG]  - C:\Users\noide\.gradle\caches\modules-2\files-2.1\org.jcraft\jorbis\0.0.17\8872d22b293e8f5d7d56ff92be966e6dc28ebdc6\jorbis-0.0.17.jar
[Architectury Transformer DEBUG]  - C:\Users\noide\.gradle\caches\modules-2\files-2.1\org.joml\joml\1.10.8\fc0a71dad90a2cf41d82a76156a0e700af8e4f8d\joml-1.10.8.jar
[Architectury Transformer DEBUG]  - C:\Users\noide\.gradle\caches\modules-2\files-2.1\org.jspecify\jspecify\1.0.0\7425a601c1c7ec76645a78d22b8c6a627edee507\jspecify-1.0.0.jar
[Architectury Transformer DEBUG]  - C:\Users\noide\.gradle\caches\modules-2\files-2.1\org.lwjgl\lwjgl-freetype\3.4.1\caa75a37e857efc9b0686e434d708d6420c5b6ea\lwjgl-freetype-3.4.1.jar
[Architectury Transformer DEBUG]  - C:\Users\noide\.gradle\caches\modules-2\files-2.1\org.lwjgl\lwjgl-glfw\3.4.1\a782b1ddd175c9107bf300fd92920579ea65e2a4\lwjgl-glfw-3.4.1.jar
[Architectury Transformer DEBUG]  - C:\Users\noide\.gradle\caches\modules-2\files-2.1\org.lwjgl\lwjgl-jemalloc\3.4.1\16b663092854fc6adfe0a941e61cae2bb2e437b6\lwjgl-jemalloc-3.4.1.jar
[Architectury Transformer DEBUG]  - C:\Users\noide\.gradle\caches\modules-2\files-2.1\org.lwjgl\lwjgl-openal\3.4.1\8508bd60589de0539aa465b78fcf838efd07ae9a\lwjgl-openal-3.4.1.jar
[Architectury Transformer DEBUG]  - C:\Users\noide\.gradle\caches\modules-2\files-2.1\org.lwjgl\lwjgl-opengl\3.4.1\830412cab823c029cda6b9729f9d2ed36cf79959\lwjgl-opengl-3.4.1.jar
[Architectury Transformer DEBUG]  - C:\Users\noide\.gradle\caches\modules-2\files-2.1\org.lwjgl\lwjgl-shaderc\3.4.1\5c02c88f0d879529014c78463b76f43fdecfd272\lwjgl-shaderc-3.4.1.jar
[Architectury Transformer DEBUG]  - C:\Users\noide\.gradle\caches\modules-2\files-2.1\org.lwjgl\lwjgl-spvc\3.4.1\188553592e97b5ab2dba54a1b403ee80b48dad4c\lwjgl-spvc-3.4.1.jar
[Architectury Transformer DEBUG]  - C:\Users\noide\.gradle\caches\modules-2\files-2.1\org.lwjgl\lwjgl-stb\3.4.1\f077c3dafc31924fbe8acb0b913f08977ba27f8e\lwjgl-stb-3.4.1.jar
[Architectury Transformer DEBUG]  - C:\Users\noide\.gradle\caches\modules-2\files-2.1\org.lwjgl\lwjgl-tinyfd\3.4.1\562697d40dbd2ed0424bf24dcf65d51170f81adf\lwjgl-tinyfd-3.4.1.jar
[Architectury Transformer DEBUG]  - C:\Users\noide\.gradle\caches\modules-2\files-2.1\org.lwjgl\lwjgl-vma\3.4.1\2c54ce10154feb1ede4d23c5947438cdbfdcc003\lwjgl-vma-3.4.1.jar
[Architectury Transformer DEBUG]  - C:\Users\noide\.gradle\caches\modules-2\files-2.1\org.lwjgl\lwjgl-vulkan\3.4.1\d0601fdc38890755e5638048c14cc0f7b990964b\lwjgl-vulkan-3.4.1.jar
[Architectury Transformer DEBUG]  - C:\Users\noide\.gradle\caches\modules-2\files-2.1\org.lwjgl\lwjgl\3.4.1\129e06a04f93992cb2a45172435b21fc4b60dd7d\lwjgl-3.4.1-unsafe.jar
[Architectury Transformer DEBUG]  - C:\Users\noide\.gradle\caches\modules-2\files-2.1\org.slf4j\slf4j-api\2.0.17\d9e58ac9c7779ba3bf8142aff6c830617a7fe60f\slf4j-api-2.0.17.jar
[Architectury Transformer DEBUG]  - D:\SolidState Driver\bandits mod development\26_Too Many Bows\.gradle\loom-cache\minecraftMaven\net\minecraft\minecraft-merged-238b726c24\26.2\minecraft-merged-238b726c24-26.2.jar
[Architectury Transformer DEBUG]  - C:\Users\noide\.gradle\caches\modules-2\files-2.1\io.netty\netty-transport-native-epoll\4.2.15.Final\ce256127f8ed3f076756f1f4dcb5877d65d1f1c2\netty-transport-native-epoll-4.2.15.Final-linux-x86_64.jar
[Architectury Transformer DEBUG]  - C:\Users\noide\.gradle\caches\modules-2\files-2.1\io.netty\netty-transport-native-epoll\4.2.15.Final\cccd31f2c8e966ab1e7a4d2293c8a3965628fe73\netty-transport-native-epoll-4.2.15.Final-linux-aarch_64.jar
[Architectury Transformer DEBUG]  - C:\Users\noide\.gradle\caches\modules-2\files-2.1\io.netty\netty-transport-native-kqueue\4.2.15.Final\4245380831515fb4eca18d32477a27fbb8f7b8f4\netty-transport-native-kqueue-4.2.15.Final-osx-x86_64.jar
[Architectury Transformer DEBUG]  - C:\Users\noide\.gradle\caches\modules-2\files-2.1\io.netty\netty-transport-native-kqueue\4.2.15.Final\8ea0ef3eb716d821332e4b4926825a4b7c1a6d38\netty-transport-native-kqueue-4.2.15.Final-osx-aarch_64.jar
[Architectury Transformer DEBUG]  - C:\Users\noide\.gradle\caches\modules-2\files-2.1\net.fabricmc.fabric-api\fabric-transfer-api-v1\8.0.12+11dbb7d79e\b2bcd304a951ee748602f18b6ffc89fb32c14a14\fabric-transfer-api-v1-8.0.12+11dbb7d79e.jar
[Architectury Transformer DEBUG]  - C:\Users\noide\.gradle\caches\modules-2\files-2.1\net.fabricmc.fabric-api\fabric-api-lookup-api-v1\2.0.17+11e1c9a39e\491ba67a029a00c00912050d9ef6875bf78ecaef\fabric-api-lookup-api-v1-2.0.17+11e1c9a39e.jar
[Architectury Transformer DEBUG]  - C:\Users\noide\.gradle\caches\modules-2\files-2.1\net.fabricmc.fabric-api\fabric-command-api-v2\3.1.0+00cb03469e\b144d197307c39c1bc516c274d9460f0116131a3\fabric-command-api-v2-3.1.0+00cb03469e.jar
[Architectury Transformer DEBUG]  - C:\Users\noide\.gradle\caches\modules-2\files-2.1\net.fabricmc.fabric-api\fabric-content-registries-v0\11.3.0+d0a699d09e\9b8f6dfaf4d3c601152942a7f3946114d41c2b71\fabric-content-registries-v0-11.3.0+d0a699d09e.jar
[Architectury Transformer DEBUG]  - C:\Users\noide\.gradle\caches\modules-2\files-2.1\net.fabricmc.fabric-api\fabric-data-generation-api-v1\25.5.0+aed122aa9e\f3565695da2373effe3542dabc63a1d23140f236\fabric-data-generation-api-v1-25.5.0+aed122aa9e.jar
[Architectury Transformer DEBUG]  - C:\Users\noide\.gradle\caches\modules-2\files-2.1\net.fabricmc.fabric-api\fabric-convention-tags-v2\4.7.0+1f023a9e9e\7d9023bfcca4a74a72580b70cd84ce547a9e63bb\fabric-convention-tags-v2-4.7.0+1f023a9e9e.jar
[Architectury Transformer DEBUG]  - C:\Users\noide\.gradle\caches\modules-2\files-2.1\net.fabricmc.fabric-api\fabric-creative-tab-api-v1\5.0.14+d871b99e9e\6730a71041da25b25aed75b88eb4cb1eb971f4f0\fabric-creative-tab-api-v1-5.0.14+d871b99e9e.jar
[Architectury Transformer DEBUG]  - C:\Users\noide\.gradle\caches\modules-2\files-2.1\net.fabricmc.fabric-api\fabric-data-attachment-api-v1\2.2.18+515ac5339e\67d246e2dc7c33e7c58e70655180891703bb199\fabric-data-attachment-api-v1-2.2.18+515ac5339e.jar
[Architectury Transformer DEBUG]  - C:\Users\noide\.gradle\caches\modules-2\files-2.1\net.fabricmc.fabric-api\fabric-debug-api-v1\1.0.2+c792624d9e\9f0581bb985edf22a0d812dbe67178bd2849286\fabric-debug-api-v1-1.0.2+c792624d9e.jar
[Architectury Transformer DEBUG]  - C:\Users\noide\.gradle\caches\modules-2\files-2.1\net.fabricmc.fabric-api\fabric-dimensions-v1\5.1.11+515ac5339e\b303c9f570e9157a0a29998335785dc3b7f2a8a6\fabric-dimensions-v1-5.1.11+515ac5339e.jar
[Architectury Transformer DEBUG]  - C:\Users\noide\.gradle\caches\modules-2\files-2.1\net.fabricmc.fabric-api\fabric-entity-events-v1\5.0.5+06488ac19e\5cbecb675b91d0ebfe2ef3f20339e1a2c76c435\fabric-entity-events-v1-5.0.5+06488ac19e.jar
[Architectury Transformer DEBUG]  - C:\Users\noide\.gradle\caches\modules-2\files-2.1\net.fabricmc.fabric-api\fabric-events-interaction-v0\5.2.7+515ac5339e\fdb7f47e29a0294100b1fa95d3f54e288ff142b6\fabric-events-interaction-v0-5.2.7+515ac5339e.jar
[Architectury Transformer DEBUG]  - C:\Users\noide\.gradle\caches\modules-2\files-2.1\net.fabricmc.fabric-api\fabric-game-rule-api-v1\4.0.8+46a6d00c9e\886816530fb79c925eb1bc6c34dd4d9d82e71d49\fabric-game-rule-api-v1-4.0.8+46a6d00c9e.jar
[Architectury Transformer DEBUG]  - C:\Users\noide\.gradle\caches\modules-2\files-2.1\net.fabricmc.fabric-api\fabric-gametest-api-v1\4.0.21+4a7fa0819e\e211272a2b116eaed8a2b05170c14af84250ea6b\fabric-gametest-api-v1-4.0.21+4a7fa0819e.jar
[Architectury Transformer DEBUG]  - C:\Users\noide\.gradle\caches\modules-2\files-2.1\net.fabricmc.fabric-api\fabric-item-api-v1\14.4.0+49a69a7b9e\fef3ee32f02d0dfe435fb408b2f5d16bfe05bf94\fabric-item-api-v1-14.4.0+49a69a7b9e.jar
[Architectury Transformer DEBUG]  - C:\Users\noide\.gradle\caches\modules-2\files-2.1\net.fabricmc.fabric-api\fabric-recipe-api-v1\9.0.20+11e1c9a39e\c2540b28f851487fa5247fb3c7eb7fd0d58ee240\fabric-recipe-api-v1-9.0.20+11e1c9a39e.jar
[Architectury Transformer DEBUG]  - C:\Users\noide\.gradle\caches\modules-2\files-2.1\net.fabricmc.fabric-api\fabric-model-loading-api-v1\8.0.16+c80601bb9e\5d104226e85fffd0336cfcf0a0085eb5af2c3b7b\fabric-model-loading-api-v1-8.0.16+c80601bb9e.jar
[Architectury Transformer DEBUG]  - C:\Users\noide\.gradle\caches\modules-2\files-2.1\net.fabricmc.fabric-api\fabric-renderer-indigo\9.1.3+2b0d8a229e\b9a15bbfa210ea1753b206c51832ea8381d46fb\fabric-renderer-indigo-9.1.3+2b0d8a229e.jar
[Architectury Transformer DEBUG]  - C:\Users\noide\.gradle\caches\modules-2\files-2.1\net.fabricmc.fabric-api\fabric-renderer-api-v1\14.1.3+2b0d8a229e\d626deb09fea4d62987f739c21677b27331a2e00\fabric-renderer-api-v1-14.1.3+2b0d8a229e.jar
[Architectury Transformer DEBUG]  - C:\Users\noide\.gradle\caches\modules-2\files-2.1\net.fabricmc.fabric-api\fabric-rendering-v1\25.3.2+515ac5339e\c60fb9b8b8f321a8fd49a2f84ef4fbc967a02058\fabric-rendering-v1-25.3.2+515ac5339e.jar
[Architectury Transformer DEBUG]  - C:\Users\noide\.gradle\caches\modules-2\files-2.1\net.fabricmc.fabric-api\fabric-lifecycle-events-v1\4.1.3+4575b05f9e\a90250858d4e251a823d64d0e0f2877edf456f10\fabric-lifecycle-events-v1-4.1.3+4575b05f9e.jar
[Architectury Transformer DEBUG]  - C:\Users\noide\.gradle\caches\modules-2\files-2.1\net.fabricmc.fabric-api\fabric-loot-api-v3\3.0.17+06488ac19e\964f3985687b491093db6b9ff87b35106112b74d\fabric-loot-api-v3-3.0.17+06488ac19e.jar
[Architectury Transformer DEBUG]  - C:\Users\noide\.gradle\caches\modules-2\files-2.1\net.fabricmc.fabric-api\fabric-menu-api-v1\2.0.16+086d547a9e\8a0c9ebc8624604d15cc59fedf1ca43c55064696\fabric-menu-api-v1-2.0.16+086d547a9e.jar
[Architectury Transformer DEBUG]  - C:\Users\noide\.gradle\caches\modules-2\files-2.1\net.fabricmc.fabric-api\fabric-message-api-v1\7.0.7+086d547a9e\b3cd0276ce68d53d51c8c6ff8bb5b327745bbf7d\fabric-message-api-v1-7.0.7+086d547a9e.jar
[Architectury Transformer DEBUG]  - C:\Users\noide\.gradle\caches\modules-2\files-2.1\net.fabricmc.fabric-api\fabric-client-gametest-api-v1\6.0.0+515ac5339e\1ee4ef80c4f73873fa52dc556ae98059c74da37a\fabric-client-gametest-api-v1-6.0.0+515ac5339e.jar
[Architectury Transformer DEBUG]  - C:\Users\noide\.gradle\caches\modules-2\files-2.1\net.fabricmc.fabric-api\fabric-particles-v1\5.0.18+d1756aa99e\e67e831509acd4f7e5578ebed6bbbc7cf0165202\fabric-particles-v1-5.0.18+d1756aa99e.jar
[Architectury Transformer DEBUG]  - C:\Users\noide\.gradle\caches\modules-2\files-2.1\net.fabricmc.fabric-api\fabric-object-builder-api-v1\24.1.0+6fcd5f039e\3bf5bd0f8a4a53fdc3ac78bc93b1853c4b520722\fabric-object-builder-api-v1-24.1.0+6fcd5f039e.jar
[Architectury Transformer DEBUG]  - C:\Users\noide\.gradle\caches\modules-2\files-2.1\net.fabricmc.fabric-api\fabric-registry-sync-v0\7.1.0+c7bd5b8e9e\f2221eb179baa35535c43655ffcba3a5f1bea97f\fabric-registry-sync-v0-7.1.0+c7bd5b8e9e.jar
[Architectury Transformer DEBUG]  - C:\Users\noide\.gradle\caches\modules-2\files-2.1\net.fabricmc.fabric-api\fabric-networking-api-v1\6.3.3+72073ef09e\ec9e63e40eca212cb2ff05f72fc0f76a3ef9ba0a\fabric-networking-api-v1-6.3.3+72073ef09e.jar
[Architectury Transformer DEBUG]  - C:\Users\noide\.gradle\caches\modules-2\files-2.1\net.fabricmc.fabric-api\fabric-permission-api-v1\1.0.4+536fad2f9e\f2327def7ad7564d2e806ac5b069565330861443\fabric-permission-api-v1-1.0.4+536fad2f9e.jar
[Architectury Transformer DEBUG]  - C:\Users\noide\.gradle\caches\modules-2\files-2.1\net.fabricmc.fabric-api\fabric-rendering-fluids-v1\6.0.4+06488ac19e\9ded3bc73b5ff3c441075d0c8eca988aacce1f1f\fabric-rendering-fluids-v1-6.0.4+06488ac19e.jar
[Architectury Transformer DEBUG]  - C:\Users\noide\.gradle\caches\modules-2\files-2.1\net.fabricmc.fabric-api\fabric-tag-api-v1\2.1.4+515ac5339e\f66a24273cdcc2ce424bf8c69cdc9cf48bdcb328\fabric-tag-api-v1-2.1.4+515ac5339e.jar
[Architectury Transformer DEBUG]  - C:\Users\noide\.gradle\caches\modules-2\files-2.1\net.fabricmc.fabric-api\fabric-resource-loader-v0\3.3.20+4fc5413f9e\c6551ab905383f3c8e046a403a78a25bebabaff0\fabric-resource-loader-v0-3.3.20+4fc5413f9e.jar
[Architectury Transformer DEBUG]  - C:\Users\noide\.gradle\caches\modules-2\files-2.1\net.fabricmc.fabric-api\fabric-resource-loader-v1\2.0.13+9edec1269e\db19bb66f069d7ed3dde41eb7e1f9ff3122c15a4\fabric-resource-loader-v1-2.0.13+9edec1269e.jar
[Architectury Transformer DEBUG]  - C:\Users\noide\.gradle\caches\modules-2\files-2.1\net.fabricmc.fabric-api\fabric-screen-api-v1\5.1.0+48e3c0b09e\48198da19d0972e9f8ac976e18e4f30a742981f9\fabric-screen-api-v1-5.1.0+48e3c0b09e.jar
[Architectury Transformer DEBUG]  - C:\Users\noide\.gradle\caches\modules-2\files-2.1\net.fabricmc.fabric-api\fabric-api-base\2.0.4+ece063239e\e766f3698b7bab8b1e13683040f8648fab511ca3\fabric-api-base-2.0.4+ece063239e.jar
[Architectury Transformer DEBUG]  - C:\Users\noide\.gradle\caches\modules-2\files-2.1\net.fabricmc.fabric-api\fabric-biome-api-v1\18.0.6+c7bd5b8e9e\414c89d2bc8ab64dce1763edc4dbe4619113a5b\fabric-biome-api-v1-18.0.6+c7bd5b8e9e.jar
[Architectury Transformer DEBUG]  - C:\Users\noide\.gradle\caches\modules-2\files-2.1\net.fabricmc.fabric-api\fabric-block-api-v1\3.0.3+ec56b6019e\32d4afa4bbfa703830787de04d55e727816b676b\fabric-block-api-v1-3.0.3+ec56b6019e.jar
[Architectury Transformer DEBUG]  - C:\Users\noide\.gradle\caches\modules-2\files-2.1\net.fabricmc.fabric-api\fabric-block-getter-api-v2\2.0.7+ec56b6019e\8204045ca262749761be09b144618e6c4133ebe1\fabric-block-getter-api-v2-2.0.7+ec56b6019e.jar
[Architectury Transformer DEBUG]  - C:\Users\noide\.gradle\caches\modules-2\files-2.1\net.fabricmc.fabric-api\fabric-crash-report-info-v1\1.0.5+086d547a9e\119f48a9a648d86c89fe21444176d0032449d95c\fabric-crash-report-info-v1-1.0.5+086d547a9e.jar
[Architectury Transformer DEBUG]  - C:\Users\noide\.gradle\caches\modules-2\files-2.1\net.fabricmc.fabric-api\fabric-key-mapping-api-v1\2.0.5+e2bdee789e\c86dc688a7e9caa7edca9973dc6abfe37c652135\fabric-key-mapping-api-v1-2.0.5+e2bdee789e.jar
[Architectury Transformer DEBUG]  - C:\Users\noide\.gradle\caches\modules-2\files-2.1\net.fabricmc.fabric-api\fabric-resource-conditions-api-v1\6.1.0+10e9a28b9e\bfe91afa0e7712974b318ed7e274b493b038a596\fabric-resource-conditions-api-v1-6.1.0+10e9a28b9e.jar
[Architectury Transformer DEBUG]  - C:\Users\noide\.gradle\caches\modules-2\files-2.1\net.fabricmc.fabric-api\fabric-serialization-api-v1\2.0.4+11a26f319e\ebf77996be79909f639a7352689d851385a9cd2b\fabric-serialization-api-v1-2.0.4+11a26f319e.jar
[Architectury Transformer DEBUG]  - C:\Users\noide\.gradle\caches\modules-2\files-2.1\net.fabricmc.fabric-api\fabric-sound-api-v1\2.0.5+11a26f319e\73e4e62924608e1d1581f192607857db096dafe7\fabric-sound-api-v1-2.0.5+11a26f319e.jar
[Architectury Transformer DEBUG]  - C:\Users\noide\.gradle\caches\modules-2\files-2.1\net.fabricmc.fabric-api\fabric-transitive-access-wideners-v1\8.1.4+67c847259e\e1e769f8e123395ab939d5d8da900e6a6ad53ab2\fabric-transitive-access-wideners-v1-8.1.4+67c847259e.jar
[Architectury Transformer] Read classpath in 1.158 s
[Architectury Transformer DEBUG] Closed File Systems for D:\SolidState Driver\bandits mod development\26_Too Many Bows\common\build\libs\Too_Many_Bows-common-1.0.0-26.2-dev.jar
[Architectury Transformer DEBUG] Transforming 5 transformer(s) from D:\SolidState Driver\bandits mod development\26_Too Many Bows\common\build\libs\Too_Many_Bows-common-1.0.0-26.2-dev.jar to C:\Users\noide\AppData\Local\Temp\16048571412794071469.jar: 
[Architectury Transformer DEBUG]  - dev.architectury.transformer.transformers.RuntimeMixinRefmapDetector@df6620a
[Architectury Transformer DEBUG]  - dev.architectury.transformer.transformers.GenerateFakeFabricMod@4e31276e
[Architectury Transformer DEBUG]  - dev.architectury.transformer.transformers.TransformExpectPlatform@1a72a540
[Architectury Transformer DEBUG]  - dev.architectury.transformer.transformers.RemapInjectables@27d5a580
[Architectury Transformer DEBUG]  - dev.architectury.transformer.transformers.TransformPlatformOnly@198d6542
[Architectury Transformer DEBUG] Transforming from D:\SolidState Driver\bandits mod development\26_Too Many Bows\common\build\libs\Too_Many_Bows-common-1.0.0-26.2-dev.jar to C:\Users\noide\AppData\Local\Temp\16048571412794071469.jar with 5 transformer(s) on dev.architectury.transformer.handler.SimpleTransformerHandler
[Architectury Transformer DEBUG] Found class transformer
[Architectury Transformer DEBUG] Writing net/bandit/many_bows/ManyBowsMod with maxs=true frames=true
[Architectury Transformer DEBUG] Writing net/bandit/many_bows/client/ClientTooltipHelper with maxs=true frames=true
[Architectury Transformer DEBUG] Writing net/bandit/many_bows/client/CursedFlameClientEffects with maxs=true frames=true
[Architectury Transformer DEBUG] Writing net/bandit/many_bows/client/ManyBowsClient with maxs=true frames=true
[Architectury Transformer DEBUG] Writing net/bandit/many_bows/client/PullSpeedItem with maxs=true frames=true
[Architectury Transformer DEBUG] Writing net/bandit/many_bows/client/model/LanternWearableModel with maxs=true frames=true
[Architectury Transformer DEBUG] Writing net/bandit/many_bows/client/renderer/AethersCallArrowRenderer with maxs=true frames=true
[Architectury Transformer DEBUG] Writing net/bandit/many_bows/client/renderer/AncientSageArrowRenderer with maxs=true frames=true
[Architectury Transformer DEBUG] Writing net/bandit/many_bows/client/renderer/AstralArrowRenderer with maxs=true frames=true
[Architectury Transformer DEBUG] Writing net/bandit/many_bows/client/renderer/AuroraArrowRenderer with maxs=true frames=true
[Architectury Transformer DEBUG] Writing net/bandit/many_bows/client/renderer/BeaconBeamArrowRenderer with maxs=true frames=true
[Architectury Transformer DEBUG] Writing net/bandit/many_bows/client/renderer/CursedFlameArrowRenderer with maxs=true frames=true
[Architectury Transformer DEBUG] Writing net/bandit/many_bows/client/renderer/DragonsBreathArrowRenderer with maxs=true frames=true
[Architectury Transformer DEBUG] Writing net/bandit/many_bows/client/renderer/DuskArrowRenderer with maxs=true frames=true
[Architectury Transformer DEBUG] Writing net/bandit/many_bows/client/renderer/EtherealArrowRenderer with maxs=true frames=true
[Architectury Transformer DEBUG] Writing net/bandit/many_bows/client/renderer/FlameArrowRenderer with maxs=true frames=true
[Architectury Transformer DEBUG] Writing net/bandit/many_bows/client/renderer/FrostbiteArrowRenderer with maxs=true frames=true
[Architectury Transformer DEBUG] Writing net/bandit/many_bows/client/renderer/GravewireArrowRenderer with maxs=true frames=true
[Architectury Transformer DEBUG] Writing net/bandit/many_bows/client/renderer/GravewireMarkRenderer with maxs=true frames=true
[Architectury Transformer DEBUG] Writing net/bandit/many_bows/client/renderer/HoardedSkullRenderer with maxs=true frames=true
[Architectury Transformer DEBUG] Writing net/bandit/many_bows/client/renderer/HunterArrowRenderer with maxs=true frames=true
[Architectury Transformer DEBUG] Writing net/bandit/many_bows/client/renderer/HunterXPArrowRenderer with maxs=true frames=true
[Architectury Transformer DEBUG] Writing net/bandit/many_bows/client/renderer/IcicleJavelinRenderer with maxs=true frames=true
[Architectury Transformer DEBUG] Writing net/bandit/many_bows/client/renderer/IroncladArrowRenderer with maxs=true frames=true
[Architectury Transformer DEBUG] Writing net/bandit/many_bows/client/renderer/LanternRenderHelper with maxs=true frames=true
[Architectury Transformer DEBUG] Writing net/bandit/many_bows/client/renderer/LanternRenderState with maxs=true frames=true
[Architectury Transformer DEBUG] Writing net/bandit/many_bows/client/renderer/LightningArrowRenderer with maxs=true frames=true
[Architectury Transformer DEBUG] Writing net/bandit/many_bows/client/renderer/RadianceArrowRenderer with maxs=true frames=true
[Architectury Transformer DEBUG] Writing net/bandit/many_bows/client/renderer/SentinelArrowRenderer with maxs=true frames=true
[Architectury Transformer DEBUG] Writing net/bandit/many_bows/client/renderer/ShulkerBlastArrowRenderer with maxs=true frames=true
[Architectury Transformer DEBUG] Writing net/bandit/many_bows/client/renderer/SolarArrowRenderer with maxs=true frames=true
[Architectury Transformer DEBUG] Writing net/bandit/many_bows/client/renderer/SonicBoomProjectileRenderer with maxs=true frames=true
[Architectury Transformer DEBUG] Writing net/bandit/many_bows/client/renderer/SoulhoardArrowRenderer with maxs=true frames=true
[Architectury Transformer DEBUG] Writing net/bandit/many_bows/client/renderer/SoulhoardAuraRenderer with maxs=true frames=true
[Architectury Transformer DEBUG] Writing net/bandit/many_bows/client/renderer/SpectralArrowRenderer with maxs=true frames=true
[Architectury Transformer DEBUG] Writing net/bandit/many_bows/client/renderer/TidalArrowRenderer with maxs=true frames=true
[Architectury Transformer DEBUG] Writing net/bandit/many_bows/client/renderer/TorchbearerArrowRenderer with maxs=true frames=true
[Architectury Transformer DEBUG] Writing net/bandit/many_bows/client/renderer/VaultPortalRenderer with maxs=true frames=true
[Architectury Transformer DEBUG] Writing net/bandit/many_bows/client/renderer/VaultpiercerArrowRenderer with maxs=true frames=true
[Architectury Transformer DEBUG] Writing net/bandit/many_bows/client/renderer/VenomArrowRenderer with maxs=true frames=true
[Architectury Transformer DEBUG] Writing net/bandit/many_bows/client/renderer/VitalityArrowRenderer with maxs=true frames=true
[Architectury Transformer DEBUG] Writing net/bandit/many_bows/client/renderer/WebstringArrowRenderer with maxs=true frames=true
[Architectury Transformer DEBUG] Writing net/bandit/many_bows/client/renderer/WindArrowRenderer with maxs=true frames=true
[Architectury Transformer DEBUG] Writing net/bandit/many_bows/command/TmbCommands with maxs=true frames=true
[Architectury Transformer DEBUG] Writing net/bandit/many_bows/common/LanternLightHelper with maxs=true frames=true
[Architectury Transformer DEBUG] Writing net/bandit/many_bows/common/SoulLanternCompatHelper with maxs=true frames=true
[Architectury Transformer DEBUG] Writing net/bandit/many_bows/config/AccessoryBalance with maxs=true frames=true
[Architectury Transformer DEBUG] Writing net/bandit/many_bows/config/BowConfigRegistry with maxs=true frames=true
[Architectury Transformer DEBUG] Writing net/bandit/many_bows/config/BowJsonConfigHelper$ReloadEntry with maxs=true frames=true
[Architectury Transformer DEBUG] Writing net/bandit/many_bows/config/BowJsonConfigHelper with maxs=true frames=true
[Architectury Transformer DEBUG] Writing net/bandit/many_bows/config/BowLootConfig with maxs=true frames=true
[Architectury Transformer DEBUG] Writing net/bandit/many_bows/config/ConfigEntry with maxs=true frames=true
[Architectury Transformer DEBUG] Writing net/bandit/many_bows/config/ManyBowsConfigHolder with maxs=true frames=true
[Architectury Transformer DEBUG] Writing net/bandit/many_bows/config/PlatformCompatReloadRegistry with maxs=true frames=true
[Architectury Transformer DEBUG] Writing net/bandit/many_bows/config/bows/AethersCallBowConfig with maxs=true frames=true
[Architectury Transformer DEBUG] Writing net/bandit/many_bows/config/bows/AncientSageBowConfig with maxs=true frames=true
[Architectury Transformer DEBUG] Writing net/bandit/many_bows/config/bows/ArcaneBowConfig with maxs=true frames=true
[Architectury Transformer DEBUG] Writing net/bandit/many_bows/config/bows/AstralBoundBowConfig with maxs=true frames=true
[Architectury Transformer DEBUG] Writing net/bandit/many_bows/config/bows/AurorasGraceBowConfig with maxs=true frames=true
[Architectury Transformer DEBUG] Writing net/bandit/many_bows/config/bows/BeaconBeamBowConfig with maxs=true frames=true
[Architectury Transformer DEBUG] Writing net/bandit/many_bows/config/bows/BurntRelicBowConfig with maxs=true frames=true
[Architectury Transformer DEBUG] Writing net/bandit/many_bows/config/bows/CrimsonNexusBowConfig with maxs=true frames=true
[Architectury Transformer DEBUG] Writing net/bandit/many_bows/config/bows/DemonsGraspBowConfig with maxs=true frames=true
[Architectury Transformer DEBUG] Writing net/bandit/many_bows/config/bows/DragonsBreathBowConfig with maxs=true frames=true
[Architectury Transformer DEBUG] Writing net/bandit/many_bows/config/bows/DuskReaperBowConfig with maxs=true frames=true
[Architectury Transformer DEBUG] Writing net/bandit/many_bows/config/bows/EtherealHunterBowConfig with maxs=true frames=true
[Architectury Transformer DEBUG] Writing net/bandit/many_bows/config/bows/FlameBowConfig with maxs=true frames=true
[Architectury Transformer DEBUG] Writing net/bandit/many_bows/config/bows/FrostbiteBowConfig with maxs=true frames=true
[Architectury Transformer DEBUG] Writing net/bandit/many_bows/config/bows/GravewireBowConfig with maxs=true frames=true
[Architectury Transformer DEBUG] Writing net/bandit/many_bows/config/bows/HunterBowConfig with maxs=true frames=true
[Architectury Transformer DEBUG] Writing net/bandit/many_bows/config/bows/HunterXpBowConfig with maxs=true frames=true
[Architectury Transformer DEBUG] Writing net/bandit/many_bows/config/bows/IcicleJavelinBowConfig with maxs=true frames=true
[Architectury Transformer DEBUG] Writing net/bandit/many_bows/config/bows/IroncladBowConfig with maxs=true frames=true
[Architectury Transformer DEBUG] Writing net/bandit/many_bows/config/bows/LightningBowConfig with maxs=true frames=true
[Architectury Transformer DEBUG] Writing net/bandit/many_bows/config/bows/NecroFlameBowConfig with maxs=true frames=true
[Architectury Transformer DEBUG] Writing net/bandit/many_bows/config/bows/RadiantBowConfig with maxs=true frames=true
[Architectury Transformer DEBUG] Writing net/bandit/many_bows/config/bows/ScatterBowConfig with maxs=true frames=true
[Architectury Transformer DEBUG] Writing net/bandit/many_bows/config/bows/SentinelWrathBowConfig with maxs=true frames=true
[Architectury Transformer DEBUG] Writing net/bandit/many_bows/config/bows/ShulkerBlastBowConfig with maxs=true frames=true
[Architectury Transformer DEBUG] Writing net/bandit/many_bows/config/bows/SolarBowConfig with maxs=true frames=true
[Architectury Transformer DEBUG] Writing net/bandit/many_bows/config/bows/SonicBoomBowConfig with maxs=true frames=true
[Architectury Transformer DEBUG] Writing net/bandit/many_bows/config/bows/SoulhoardBowConfig with maxs=true frames=true
[Architectury Transformer DEBUG] Writing net/bandit/many_bows/config/bows/SpectralWhisperBowConfig with maxs=true frames=true
[Architectury Transformer DEBUG] Writing net/bandit/many_bows/config/bows/TidalBowConfig with maxs=true frames=true
[Architectury Transformer DEBUG] Writing net/bandit/many_bows/config/bows/TorchbearerBowConfig with maxs=true frames=true
[Architectury Transformer DEBUG] Writing net/bandit/many_bows/config/bows/TwinShadowsBowConfig with maxs=true frames=true
[Architectury Transformer DEBUG] Writing net/bandit/many_bows/config/bows/VaultpiercerBowConfig with maxs=true frames=true
[Architectury Transformer DEBUG] Writing net/bandit/many_bows/config/bows/VenomBowConfig with maxs=true frames=true
[Architectury Transformer DEBUG] Writing net/bandit/many_bows/config/bows/VerdantVigorBowConfig with maxs=true frames=true
[Architectury Transformer DEBUG] Writing net/bandit/many_bows/config/bows/VitalityWeaverBowConfig with maxs=true frames=true
[Architectury Transformer DEBUG] Writing net/bandit/many_bows/config/bows/WebstringBowConfig with maxs=true frames=true
[Architectury Transformer DEBUG] Writing net/bandit/many_bows/config/bows/WindBowConfig with maxs=true frames=true
[Architectury Transformer DEBUG] Writing net/bandit/many_bows/effect/CursedFlameEffect with maxs=true frames=true
[Architectury Transformer DEBUG] Writing net/bandit/many_bows/entity/AethersCallArrow with maxs=true frames=true
[Architectury Transformer DEBUG] Writing net/bandit/many_bows/entity/AncientSageArrow with maxs=true frames=true
[Architectury Transformer DEBUG] Writing net/bandit/many_bows/entity/AstralArrow with maxs=true frames=true
[Architectury Transformer DEBUG] Writing net/bandit/many_bows/entity/AuroraArrowEntity with maxs=true frames=true
[Architectury Transformer DEBUG] Writing net/bandit/many_bows/entity/BeaconBeamArrow with maxs=true frames=true
[Architectury Transformer DEBUG] Writing net/bandit/many_bows/entity/CursedFlameArrow with maxs=true frames=true
[Architectury Transformer DEBUG] Writing net/bandit/many_bows/entity/DragonsBreathArrow$1 with maxs=true frames=true
[Architectury Transformer DEBUG] Writing net/bandit/many_bows/entity/DragonsBreathArrow with maxs=true frames=true
[Architectury Transformer DEBUG] Writing net/bandit/many_bows/entity/DuskReaperArrow with maxs=true frames=true
[Architectury Transformer DEBUG] Writing net/bandit/many_bows/entity/EtherealArrow with maxs=true frames=true
[Architectury Transformer DEBUG] Writing net/bandit/many_bows/entity/FlameArrow with maxs=true frames=true
[Architectury Transformer DEBUG] Writing net/bandit/many_bows/entity/FrostbiteArrow with maxs=true frames=true
[Architectury Transformer DEBUG] Writing net/bandit/many_bows/entity/GravewireArrow with maxs=true frames=true
[Architectury Transformer DEBUG] Writing net/bandit/many_bows/entity/GravewireMarkEntity with maxs=true frames=true
[Architectury Transformer DEBUG] Writing net/bandit/many_bows/entity/HoardedSkullEntity with maxs=true frames=true
[Architectury Transformer DEBUG] Writing net/bandit/many_bows/entity/HunterArrow with maxs=true frames=true
[Architectury Transformer DEBUG] Writing net/bandit/many_bows/entity/HunterXPArrow with maxs=true frames=true
[Architectury Transformer DEBUG] Writing net/bandit/many_bows/entity/IcicleJavelin with maxs=true frames=true
[Architectury Transformer DEBUG] Writing net/bandit/many_bows/entity/IronCladArrow with maxs=true frames=true
[Architectury Transformer DEBUG] Writing net/bandit/many_bows/entity/LightOrbEntity with maxs=true frames=true
[Architectury Transformer DEBUG] Writing net/bandit/many_bows/entity/LightningArrow with maxs=true frames=true
[Architectury Transformer DEBUG] Writing net/bandit/many_bows/entity/RadiantArrow with maxs=true frames=true
[Architectury Transformer DEBUG] Writing net/bandit/many_bows/entity/RiftEntity with maxs=true frames=true
[Architectury Transformer DEBUG] Writing net/bandit/many_bows/entity/SentinelWrathArrow with maxs=true frames=true
[Architectury Transformer DEBUG] Writing net/bandit/many_bows/entity/ShulkerBlastProjectile with maxs=true frames=true
[Architectury Transformer DEBUG] Writing net/bandit/many_bows/entity/SolarArrow with maxs=true frames=true
[Architectury Transformer DEBUG] Writing net/bandit/many_bows/entity/SonicBoomProjectile with maxs=true frames=true
[Architectury Transformer DEBUG] Writing net/bandit/many_bows/entity/SoulhoardArrow with maxs=true frames=true
[Architectury Transformer DEBUG] Writing net/bandit/many_bows/entity/SpectralArrow with maxs=true frames=true
[Architectury Transformer DEBUG] Writing net/bandit/many_bows/entity/TidalArrow with maxs=true frames=true
[Architectury Transformer DEBUG] Writing net/bandit/many_bows/entity/TorchbearerArrow with maxs=true frames=true
[Architectury Transformer DEBUG] Writing net/bandit/many_bows/entity/VaultPortalEntity with maxs=true frames=true
[Architectury Transformer DEBUG] Writing net/bandit/many_bows/entity/VaultpiercerArrow with maxs=true frames=true
[Architectury Transformer DEBUG] Writing net/bandit/many_bows/entity/VenomArrow with maxs=true frames=true
[Architectury Transformer DEBUG] Writing net/bandit/many_bows/entity/VitalityArrow with maxs=true frames=true
[Architectury Transformer DEBUG] Writing net/bandit/many_bows/entity/WebstringArrow with maxs=true frames=true
[Architectury Transformer DEBUG] Writing net/bandit/many_bows/entity/WindProjectile with maxs=true frames=true
[Architectury Transformer DEBUG] Writing net/bandit/many_bows/item/AethersCall with maxs=true frames=true
[Architectury Transformer DEBUG] Writing net/bandit/many_bows/item/AncientSageBow with maxs=true frames=true
[Architectury Transformer DEBUG] Writing net/bandit/many_bows/item/ArcaneBow with maxs=true frames=true
[Architectury Transformer DEBUG] Writing net/bandit/many_bows/item/AstralBow with maxs=true frames=true
[Architectury Transformer DEBUG] Writing net/bandit/many_bows/item/AuroraBow with maxs=true frames=true
[Architectury Transformer DEBUG] Writing net/bandit/many_bows/item/BeaconBeamBow with maxs=true frames=true
[Architectury Transformer DEBUG] Writing net/bandit/many_bows/item/BowDamageRingItem$Tier with maxs=true frames=true
[Architectury Transformer DEBUG] Writing net/bandit/many_bows/item/BowDamageRingItem with maxs=true frames=true
[Architectury Transformer DEBUG] Writing net/bandit/many_bows/item/BowNecklaceItem$Tier with maxs=true frames=true
[Architectury Transformer DEBUG] Writing net/bandit/many_bows/item/BowNecklaceItem with maxs=true frames=true
[Architectury Transformer DEBUG] Writing net/bandit/many_bows/item/BurntRelicBow with maxs=true frames=true
[Architectury Transformer DEBUG] Writing net/bandit/many_bows/item/CrimsonNexusBow with maxs=true frames=true
[Architectury Transformer DEBUG] Writing net/bandit/many_bows/item/CursedFlameBow with maxs=true frames=true
[Architectury Transformer DEBUG] Writing net/bandit/many_bows/item/CursedLanternItem with maxs=true frames=true
[Architectury Transformer DEBUG] Writing net/bandit/many_bows/item/CursedStone with maxs=true frames=true
[Architectury Transformer DEBUG] Writing net/bandit/many_bows/item/DemonsGrasp with maxs=true frames=true
[Architectury Transformer DEBUG] Writing net/bandit/many_bows/item/DragonsBreathBow with maxs=true frames=true
[Architectury Transformer DEBUG] Writing net/bandit/many_bows/item/DrawSpeedGloveItem with maxs=true frames=true
[Architectury Transformer DEBUG] Writing net/bandit/many_bows/item/DuskReaperBow with maxs=true frames=true
[Architectury Transformer DEBUG] Writing net/bandit/many_bows/item/EmeraldSageBow with maxs=true frames=true
[Architectury Transformer DEBUG] Writing net/bandit/many_bows/item/EtherealHunterBow with maxs=true frames=true
[Architectury Transformer DEBUG] Writing net/bandit/many_bows/item/FlameBow with maxs=true frames=true
[Architectury Transformer DEBUG] Writing net/bandit/many_bows/item/FrostbiteBow with maxs=true frames=true
[Architectury Transformer DEBUG] Writing net/bandit/many_bows/item/GravewireBow with maxs=true frames=true
[Architectury Transformer DEBUG] Writing net/bandit/many_bows/item/HeavensBow with maxs=true frames=true
[Architectury Transformer DEBUG] Writing net/bandit/many_bows/item/HunterBow with maxs=true frames=true
[Architectury Transformer DEBUG] Writing net/bandit/many_bows/item/IcicleJavelinBow with maxs=true frames=true
[Architectury Transformer DEBUG] Writing net/bandit/many_bows/item/IroncladBow with maxs=true frames=true
[Architectury Transformer DEBUG] Writing net/bandit/many_bows/item/ModBowItem with maxs=true frames=true
[Architectury Transformer DEBUG] Writing net/bandit/many_bows/item/RadianceBow with maxs=true frames=true
[Architectury Transformer DEBUG] Writing net/bandit/many_bows/item/RepairCrystalItem with maxs=true frames=true
[Architectury Transformer DEBUG] Writing net/bandit/many_bows/item/RiftShardItem with maxs=true frames=true
[Architectury Transformer DEBUG] Writing net/bandit/many_bows/item/ScatterBow with maxs=true frames=true
[Architectury Transformer DEBUG] Writing net/bandit/many_bows/item/SentinelBow with maxs=true frames=true
[Architectury Transformer DEBUG] Writing net/bandit/many_bows/item/ShulkerBlastBow with maxs=true frames=true
[Architectury Transformer DEBUG] Writing net/bandit/many_bows/item/SolarBow with maxs=true frames=true
[Architectury Transformer DEBUG] Writing net/bandit/many_bows/item/SonicBoomBow with maxs=true frames=true
[Architectury Transformer DEBUG] Writing net/bandit/many_bows/item/SoulFragment with maxs=true frames=true
[Architectury Transformer DEBUG] Writing net/bandit/many_bows/item/SoulLanternItem with maxs=true frames=true
[Architectury Transformer DEBUG] Writing net/bandit/many_bows/item/SoulhoardBow with maxs=true frames=true
[Architectury Transformer DEBUG] Writing net/bandit/many_bows/item/SpectralWhisperBow with maxs=true frames=true
[Architectury Transformer DEBUG] Writing net/bandit/many_bows/item/TidalBow with maxs=true frames=true
[Architectury Transformer DEBUG] Writing net/bandit/many_bows/item/TorchbearerBow with maxs=true frames=true
[Architectury Transformer DEBUG] Writing net/bandit/many_bows/item/TwinShadowsBow with maxs=true frames=true
[Architectury Transformer DEBUG] Writing net/bandit/many_bows/item/VaultpiercerBow with maxs=true frames=true
[Architectury Transformer DEBUG] Writing net/bandit/many_bows/item/VerdantVigorBow with maxs=true frames=true
[Architectury Transformer DEBUG] Writing net/bandit/many_bows/item/VerdantViperBow with maxs=true frames=true
[Architectury Transformer DEBUG] Writing net/bandit/many_bows/item/VitalityWeaverBow with maxs=true frames=true
[Architectury Transformer DEBUG] Writing net/bandit/many_bows/item/WebstringVolleyBow with maxs=true frames=true
[Architectury Transformer DEBUG] Writing net/bandit/many_bows/item/WindBow with maxs=true frames=true
[Architectury Transformer DEBUG] Writing net/bandit/many_bows/loot/ModLootModifiers with maxs=true frames=true
[Architectury Transformer DEBUG] Writing net/bandit/many_bows/mixin/AbstractArrowAccessor with maxs=true frames=true
[Architectury Transformer DEBUG] Writing net/bandit/many_bows/mixin/EntityWaterExtinguishMixin with maxs=true frames=true
[Architectury Transformer DEBUG] Writing net/bandit/many_bows/mixin/LivingEntityMixin with maxs=true frames=true
[Architectury Transformer DEBUG] Writing net/bandit/many_bows/registry/AttributesRegistry with maxs=true frames=true
[Architectury Transformer DEBUG] Writing net/bandit/many_bows/registry/EffectRegistry with maxs=true frames=true
[Architectury Transformer DEBUG] Writing net/bandit/many_bows/registry/EntityRegistry with maxs=true frames=true
[Architectury Transformer DEBUG] Writing net/bandit/many_bows/registry/ItemRegistry with maxs=true frames=true
[Architectury Transformer DEBUG] Writing net/bandit/many_bows/registry/SoundRegistry with maxs=true frames=true
[Architectury Transformer DEBUG] Writing net/bandit/many_bows/registry/TabRegistry with maxs=true frames=true
[Architectury Transformer DEBUG] Checking whether /too_many_bows.mixins.json is a mixin config.
[Architectury Transformer DEBUG] Closed File Systems for C:\Users\noide\AppData\Local\Temp\16048571412794071469.jar
[Architectury Transformer] Listening at D:\SolidState Driver\bandits mod development\26_Too Many Bows\common\build\libs\Too_Many_Bows-common-1.0.0-26.2-dev.jar
[Architectury Transformer DEBUG] Temporary jar [C:\Users\noide\AppData\Local\Temp\16048571412794071469.jar] contains packages: net.bandit.many_bows.client, net.bandit.many_bows, net.bandit.many_bows.mixin, net.bandit.many_bows.client.model, net.bandit.many_bows.registry, net.bandit.many_bows.item, net.bandit.many_bows.config.bows, net.bandit.many_bows.entity, net.bandit.many_bows.loot, net.bandit.many_bows.effect, net.bandit.many_bows.common, net.bandit.many_bows.client.renderer, net.bandit.many_bows.config, net.bandit.many_bows.command
[Architectury Transformer DEBUG] Closed File Systems for D:\SolidState Driver\bandits mod development\26_Too Many Bows\common\build\libs\Too_Many_Bows-common-1.0.0-26.2-dev.jar
[Architectury Transformer DEBUG] Classpath entry [D:\SolidState Driver\bandits mod development\26_Too Many Bows\fabric\build\classes\java\main] contains packages: net.bandit.many_bows.fabric.config, net.bandit.many_bows.fabric, net.bandit.many_bows.fabric.client, net.bandit.many_bows.fabric.client.trinkets, net.bandit.many_bows.fabric.trinkets
[Architectury Transformer DEBUG] Classpath entry [D:\SolidState Driver\bandits mod development\26_Too Many Bows\fabric\build\resources\main] contains packages: 
[Architectury Transformer DEBUG] Transforming from net/bandit/many_bows/mixin/AbstractArrowAccessor.class to net/bandit/many_bows/mixin/AbstractArrowAccessor.class with 5 transformer(s) on dev.architectury.transformer.handler.TinyRemapperPreparedTransformerHandler
[Architectury Transformer DEBUG] Found class transformer
[Architectury Transformer DEBUG] Writing net/bandit/many_bows/mixin/AbstractArrowAccessor with maxs=true frames=true
[Architectury Transformer DEBUG] Transformed net/bandit/many_bows/mixin/AbstractArrowAccessor in 1.102 ms
[Architectury Transformer DEBUG] Transforming from net/bandit/many_bows/registry/EffectRegistry.class to net/bandit/many_bows/registry/EffectRegistry.class with 5 transformer(s) on dev.architectury.transformer.handler.TinyRemapperPreparedTransformerHandler
[Architectury Transformer DEBUG] Found class transformer
[Architectury Transformer DEBUG] Writing net/bandit/many_bows/registry/EffectRegistry with maxs=true frames=true
[Architectury Transformer DEBUG] Transformed net/bandit/many_bows/registry/EffectRegistry in 883.9 μs
[Architectury Transformer DEBUG] Transforming from net/bandit/many_bows/effect/CursedFlameEffect.class to net/bandit/many_bows/effect/CursedFlameEffect.class with 5 transformer(s) on dev.architectury.transformer.handler.TinyRemapperPreparedTransformerHandler
[Architectury Transformer DEBUG] Found class transformer
[Architectury Transformer DEBUG] Writing net/bandit/many_bows/effect/CursedFlameEffect with maxs=true frames=true
[Architectury Transformer DEBUG] Transformed net/bandit/many_bows/effect/CursedFlameEffect in 294.7 μs
[Architectury Transformer DEBUG] Transforming from net/bandit/many_bows/config/PlatformCompatReloadRegistry.class to net/bandit/many_bows/config/PlatformCompatReloadRegistry.class with 5 transformer(s) on dev.architectury.transformer.handler.TinyRemapperPreparedTransformerHandler
[Architectury Transformer DEBUG] Found class transformer
[Architectury Transformer DEBUG] Writing net/bandit/many_bows/config/PlatformCompatReloadRegistry with maxs=true frames=true
[Architectury Transformer DEBUG] Transformed net/bandit/many_bows/config/PlatformCompatReloadRegistry in 898.7 μs
[Architectury Transformer DEBUG] Transforming from net/bandit/many_bows/ManyBowsMod.class to net/bandit/many_bows/ManyBowsMod.class with 5 transformer(s) on dev.architectury.transformer.handler.TinyRemapperPreparedTransformerHandler
[Architectury Transformer DEBUG] Found class transformer
[Architectury Transformer DEBUG] Writing net/bandit/many_bows/ManyBowsMod with maxs=true frames=true
[Architectury Transformer DEBUG] Transformed net/bandit/many_bows/ManyBowsMod in 368.0 μs
[Architectury Transformer DEBUG] Transforming from net/bandit/many_bows/registry/ItemRegistry.class to net/bandit/many_bows/registry/ItemRegistry.class with 5 transformer(s) on dev.architectury.transformer.handler.TinyRemapperPreparedTransformerHandler
[Architectury Transformer DEBUG] Found class transformer
[Architectury Transformer DEBUG] Writing net/bandit/many_bows/registry/ItemRegistry with maxs=true frames=true
[Architectury Transformer DEBUG] Transformed net/bandit/many_bows/registry/ItemRegistry in 2.240 ms
[Architectury Transformer DEBUG] Transforming from net/bandit/many_bows/item/RiftShardItem.class to net/bandit/many_bows/item/RiftShardItem.class with 5 transformer(s) on dev.architectury.transformer.handler.TinyRemapperPreparedTransformerHandler
[Architectury Transformer DEBUG] Found class transformer
[Architectury Transformer DEBUG] Writing net/bandit/many_bows/item/RiftShardItem with maxs=true frames=true
[Architectury Transformer DEBUG] Transformed net/bandit/many_bows/item/RiftShardItem in 407.7 μs
[Architectury Transformer DEBUG] Transforming from net/bandit/many_bows/item/RepairCrystalItem.class to net/bandit/many_bows/item/RepairCrystalItem.class with 5 transformer(s) on dev.architectury.transformer.handler.TinyRemapperPreparedTransformerHandler
[Architectury Transformer DEBUG] Found class transformer
[Architectury Transformer DEBUG] Writing net/bandit/many_bows/item/RepairCrystalItem with maxs=true frames=true
[Architectury Transformer DEBUG] Transformed net/bandit/many_bows/item/RepairCrystalItem in 282.2 μs
[Architectury Transformer DEBUG] Transforming from net/bandit/many_bows/item/BowNecklaceItem.class to net/bandit/many_bows/item/BowNecklaceItem.class with 5 transformer(s) on dev.architectury.transformer.handler.TinyRemapperPreparedTransformerHandler
[Architectury Transformer DEBUG] Found class transformer
[Architectury Transformer DEBUG] Writing net/bandit/many_bows/item/BowNecklaceItem with maxs=true frames=true
[Architectury Transformer DEBUG] Transformed net/bandit/many_bows/item/BowNecklaceItem in 399.8 μs
[Architectury Transformer DEBUG] Transforming from net/bandit/many_bows/item/BowDamageRingItem.class to net/bandit/many_bows/item/BowDamageRingItem.class with 5 transformer(s) on dev.architectury.transformer.handler.TinyRemapperPreparedTransformerHandler
[Architectury Transformer DEBUG] Found class transformer
[Architectury Transformer DEBUG] Writing net/bandit/many_bows/item/BowDamageRingItem with maxs=true frames=true
[Architectury Transformer DEBUG] Transformed net/bandit/many_bows/item/BowDamageRingItem in 427.9 μs
[Architectury Transformer DEBUG] Transforming from net/bandit/many_bows/item/DrawSpeedGloveItem.class to net/bandit/many_bows/item/DrawSpeedGloveItem.class with 5 transformer(s) on dev.architectury.transformer.handler.TinyRemapperPreparedTransformerHandler
[Architectury Transformer DEBUG] Found class transformer
[Architectury Transformer DEBUG] Writing net/bandit/many_bows/item/DrawSpeedGloveItem with maxs=true frames=true
[Architectury Transformer DEBUG] Transformed net/bandit/many_bows/item/DrawSpeedGloveItem in 365.3 μs
[Architectury Transformer DEBUG] Transforming from net/bandit/many_bows/item/CursedStone.class to net/bandit/many_bows/item/CursedStone.class with 5 transformer(s) on dev.architectury.transformer.handler.TinyRemapperPreparedTransformerHandler
[Architectury Transformer DEBUG] Found class transformer
[Architectury Transformer DEBUG] Writing net/bandit/many_bows/item/CursedStone with maxs=true frames=true
[Architectury Transformer DEBUG] Transformed net/bandit/many_bows/item/CursedStone in 277.5 μs
[Architectury Transformer DEBUG] Transforming from net/bandit/many_bows/item/ArcaneBow.class to net/bandit/many_bows/item/ArcaneBow.class with 5 transformer(s) on dev.architectury.transformer.handler.TinyRemapperPreparedTransformerHandler
[Architectury Transformer DEBUG] Found class transformer
[Architectury Transformer DEBUG] Writing net/bandit/many_bows/item/ArcaneBow with maxs=true frames=true
[Architectury Transformer DEBUG] Transformed net/bandit/many_bows/item/ArcaneBow in 1.077 ms
[Architectury Transformer DEBUG] Transforming from net/bandit/many_bows/item/ModBowItem.class to net/bandit/many_bows/item/ModBowItem.class with 5 transformer(s) on dev.architectury.transformer.handler.TinyRemapperPreparedTransformerHandler
[Architectury Transformer DEBUG] Found class transformer
[Architectury Transformer DEBUG] Writing net/bandit/many_bows/item/ModBowItem with maxs=true frames=true
[Architectury Transformer DEBUG] Transformed net/bandit/many_bows/item/ModBowItem in 1.026 ms
[Architectury Transformer DEBUG] Transforming from net/bandit/many_bows/item/AuroraBow.class to net/bandit/many_bows/item/AuroraBow.class with 5 transformer(s) on dev.architectury.transformer.handler.TinyRemapperPreparedTransformerHandler
[Architectury Transformer DEBUG] Found class transformer
[Architectury Transformer DEBUG] Writing net/bandit/many_bows/item/AuroraBow with maxs=true frames=true
[Architectury Transformer DEBUG] Transformed net/bandit/many_bows/item/AuroraBow in 945.4 μs
[Architectury Transformer DEBUG] Transforming from net/bandit/many_bows/item/SoulFragment.class to net/bandit/many_bows/item/SoulFragment.class with 5 transformer(s) on dev.architectury.transformer.handler.TinyRemapperPreparedTransformerHandler
[Architectury Transformer DEBUG] Found class transformer
[Architectury Transformer DEBUG] Writing net/bandit/many_bows/item/SoulFragment with maxs=true frames=true
[Architectury Transformer DEBUG] Transformed net/bandit/many_bows/item/SoulFragment in 302.9 μs
[Architectury Transformer DEBUG] Transforming from net/bandit/many_bows/item/BeaconBeamBow.class to net/bandit/many_bows/item/BeaconBeamBow.class with 5 transformer(s) on dev.architectury.transformer.handler.TinyRemapperPreparedTransformerHandler
[Architectury Transformer DEBUG] Found class transformer
[Architectury Transformer DEBUG] Writing net/bandit/many_bows/item/BeaconBeamBow with maxs=true frames=true
[Architectury Transformer DEBUG] Transformed net/bandit/many_bows/item/BeaconBeamBow in 754.5 μs
[Architectury Transformer DEBUG] Transforming from net/bandit/many_bows/item/AstralBow.class to net/bandit/many_bows/item/AstralBow.class with 5 transformer(s) on dev.architectury.transformer.handler.TinyRemapperPreparedTransformerHandler
[Architectury Transformer DEBUG] Found class transformer
[Architectury Transformer DEBUG] Writing net/bandit/many_bows/item/AstralBow with maxs=true frames=true
[Architectury Transformer DEBUG] Transformed net/bandit/many_bows/item/AstralBow in 724.3 μs
[Architectury Transformer DEBUG] Transforming from net/bandit/many_bows/item/BurntRelicBow.class to net/bandit/many_bows/item/BurntRelicBow.class with 5 transformer(s) on dev.architectury.transformer.handler.TinyRemapperPreparedTransformerHandler
[Architectury Transformer DEBUG] Found class transformer
[Architectury Transformer DEBUG] Writing net/bandit/many_bows/item/BurntRelicBow with maxs=true frames=true
[Architectury Transformer DEBUG] Transformed net/bandit/many_bows/item/BurntRelicBow in 860.9 μs
[Architectury Transformer DEBUG] Transforming from net/bandit/many_bows/item/AethersCall.class to net/bandit/many_bows/item/AethersCall.class with 5 transformer(s) on dev.architectury.transformer.handler.TinyRemapperPreparedTransformerHandler
[Architectury Transformer DEBUG] Found class transformer
[Architectury Transformer DEBUG] Writing net/bandit/many_bows/item/AethersCall with maxs=true frames=true
[Architectury Transformer DEBUG] Transformed net/bandit/many_bows/item/AethersCall in 706.2 μs
[Architectury Transformer DEBUG] Transforming from net/bandit/many_bows/item/HeavensBow.class to net/bandit/many_bows/item/HeavensBow.class with 5 transformer(s) on dev.architectury.transformer.handler.TinyRemapperPreparedTransformerHandler
[Architectury Transformer DEBUG] Found class transformer
[Architectury Transformer DEBUG] Writing net/bandit/many_bows/item/HeavensBow with maxs=true frames=true
[Architectury Transformer DEBUG] Transformed net/bandit/many_bows/item/HeavensBow in 667.5 μs
[Architectury Transformer DEBUG] Transforming from net/bandit/many_bows/item/AncientSageBow.class to net/bandit/many_bows/item/AncientSageBow.class with 5 transformer(s) on dev.architectury.transformer.handler.TinyRemapperPreparedTransformerHandler
[Architectury Transformer DEBUG] Found class transformer
[Architectury Transformer DEBUG] Writing net/bandit/many_bows/item/AncientSageBow with maxs=true frames=true
[Architectury Transformer DEBUG] Transformed net/bandit/many_bows/item/AncientSageBow in 686.0 μs
[Architectury Transformer DEBUG] Transforming from net/bandit/many_bows/item/VerdantViperBow.class to net/bandit/many_bows/item/VerdantViperBow.class with 5 transformer(s) on dev.architectury.transformer.handler.TinyRemapperPreparedTransformerHandler
[Architectury Transformer DEBUG] Found class transformer
[Architectury Transformer DEBUG] Writing net/bandit/many_bows/item/VerdantViperBow with maxs=true frames=true
[Architectury Transformer DEBUG] Transformed net/bandit/many_bows/item/VerdantViperBow in 813.2 μs
[Architectury Transformer DEBUG] Transforming from net/bandit/many_bows/item/EtherealHunterBow.class to net/bandit/many_bows/item/EtherealHunterBow.class with 5 transformer(s) on dev.architectury.transformer.handler.TinyRemapperPreparedTransformerHandler
[Architectury Transformer DEBUG] Found class transformer
[Architectury Transformer DEBUG] Writing net/bandit/many_bows/item/EtherealHunterBow with maxs=true frames=true
[Architectury Transformer DEBUG] Transformed net/bandit/many_bows/item/EtherealHunterBow in 770.9 μs
[Architectury Transformer DEBUG] Transforming from net/bandit/many_bows/item/WindBow.class to net/bandit/many_bows/item/WindBow.class with 5 transformer(s) on dev.architectury.transformer.handler.TinyRemapperPreparedTransformerHandler
[Architectury Transformer DEBUG] Found class transformer
[Architectury Transformer DEBUG] Writing net/bandit/many_bows/item/WindBow with maxs=true frames=true
[Architectury Transformer DEBUG] Transformed net/bandit/many_bows/item/WindBow in 848.3 μs
[Architectury Transformer DEBUG] Transforming from net/bandit/many_bows/item/CursedLanternItem.class to net/bandit/many_bows/item/CursedLanternItem.class with 5 transformer(s) on dev.architectury.transformer.handler.TinyRemapperPreparedTransformerHandler
[Architectury Transformer DEBUG] Found class transformer
[Architectury Transformer DEBUG] Writing net/bandit/many_bows/item/CursedLanternItem with maxs=true frames=true
[Architectury Transformer DEBUG] Transformed net/bandit/many_bows/item/CursedLanternItem in 284.5 μs
[Architectury Transformer DEBUG] Transforming from net/bandit/many_bows/item/VitalityWeaverBow.class to net/bandit/many_bows/item/VitalityWeaverBow.class with 5 transformer(s) on dev.architectury.transformer.handler.TinyRemapperPreparedTransformerHandler
[Architectury Transformer DEBUG] Found class transformer
[Architectury Transformer DEBUG] Writing net/bandit/many_bows/item/VitalityWeaverBow with maxs=true frames=true
[Architectury Transformer DEBUG] Transformed net/bandit/many_bows/item/VitalityWeaverBow in 829.7 μs
[Architectury Transformer DEBUG] Transforming from net/bandit/many_bows/item/ShulkerBlastBow.class to net/bandit/many_bows/item/ShulkerBlastBow.class with 5 transformer(s) on dev.architectury.transformer.handler.TinyRemapperPreparedTransformerHandler
[Architectury Transformer DEBUG] Found class transformer
[Architectury Transformer DEBUG] Writing net/bandit/many_bows/item/ShulkerBlastBow with maxs=true frames=true
[Architectury Transformer DEBUG] Transformed net/bandit/many_bows/item/ShulkerBlastBow in 964.4 μs
[Architectury Transformer DEBUG] Transforming from net/bandit/many_bows/item/SolarBow.class to net/bandit/many_bows/item/SolarBow.class with 5 transformer(s) on dev.architectury.transformer.handler.TinyRemapperPreparedTransformerHandler
[Architectury Transformer DEBUG] Found class transformer
[Architectury Transformer DEBUG] Writing net/bandit/many_bows/item/SolarBow with maxs=true frames=true
[Architectury Transformer DEBUG] Transformed net/bandit/many_bows/item/SolarBow in 770.2 μs
[Architectury Transformer DEBUG] Transforming from net/bandit/many_bows/item/FlameBow.class to net/bandit/many_bows/item/FlameBow.class with 5 transformer(s) on dev.architectury.transformer.handler.TinyRemapperPreparedTransformerHandler
[Architectury Transformer DEBUG] Found class transformer
[Architectury Transformer DEBUG] Writing net/bandit/many_bows/item/FlameBow with maxs=true frames=true
[Architectury Transformer DEBUG] Transformed net/bandit/many_bows/item/FlameBow in 647.4 μs
[Architectury Transformer DEBUG] Transforming from net/bandit/many_bows/item/SentinelBow.class to net/bandit/many_bows/item/SentinelBow.class with 5 transformer(s) on dev.architectury.transformer.handler.TinyRemapperPreparedTransformerHandler
[Architectury Transformer DEBUG] Found class transformer
[Architectury Transformer DEBUG] Writing net/bandit/many_bows/item/SentinelBow with maxs=true frames=true
[Architectury Transformer DEBUG] Transformed net/bandit/many_bows/item/SentinelBow in 687.2 μs
[Architectury Transformer DEBUG] Transforming from net/bandit/many_bows/item/SpectralWhisperBow.class to net/bandit/many_bows/item/SpectralWhisperBow.class with 5 transformer(s) on dev.architectury.transformer.handler.TinyRemapperPreparedTransformerHandler
[Architectury Transformer DEBUG] Found class transformer
[Architectury Transformer DEBUG] Writing net/bandit/many_bows/item/SpectralWhisperBow with maxs=true frames=true
[Architectury Transformer DEBUG] Transformed net/bandit/many_bows/item/SpectralWhisperBow in 569.0 μs
[Architectury Transformer DEBUG] Transforming from net/bandit/many_bows/item/SoulhoardBow.class to net/bandit/many_bows/item/SoulhoardBow.class with 5 transformer(s) on dev.architectury.transformer.handler.TinyRemapperPreparedTransformerHandler
[Architectury Transformer DEBUG] Found class transformer
[Architectury Transformer DEBUG] Writing net/bandit/many_bows/item/SoulhoardBow with maxs=true frames=true
[Architectury Transformer DEBUG] Transformed net/bandit/many_bows/item/SoulhoardBow in 1.708 ms
[Architectury Transformer DEBUG] Transforming from net/bandit/many_bows/item/FrostbiteBow.class to net/bandit/many_bows/item/FrostbiteBow.class with 5 transformer(s) on dev.architectury.transformer.handler.TinyRemapperPreparedTransformerHandler
[Architectury Transformer DEBUG] Found class transformer
[Architectury Transformer DEBUG] Writing net/bandit/many_bows/item/FrostbiteBow with maxs=true frames=true
[Architectury Transformer DEBUG] Transformed net/bandit/many_bows/item/FrostbiteBow in 683.8 μs
[Architectury Transformer DEBUG] Transforming from net/bandit/many_bows/item/TidalBow.class to net/bandit/many_bows/item/TidalBow.class with 5 transformer(s) on dev.architectury.transformer.handler.TinyRemapperPreparedTransformerHandler
[Architectury Transformer DEBUG] Found class transformer
[Architectury Transformer DEBUG] Writing net/bandit/many_bows/item/TidalBow with maxs=true frames=true
[Architectury Transformer DEBUG] Transformed net/bandit/many_bows/item/TidalBow in 769.7 μs
[Architectury Transformer DEBUG] Transforming from net/bandit/many_bows/item/HunterBow.class to net/bandit/many_bows/item/HunterBow.class with 5 transformer(s) on dev.architectury.transformer.handler.TinyRemapperPreparedTransformerHandler
[Architectury Transformer DEBUG] Found class transformer
[Architectury Transformer DEBUG] Writing net/bandit/many_bows/item/HunterBow with maxs=true frames=true
[Architectury Transformer DEBUG] Transformed net/bandit/many_bows/item/HunterBow in 731.2 μs
[Architectury Transformer DEBUG] Transforming from net/bandit/many_bows/item/SoulLanternItem.class to net/bandit/many_bows/item/SoulLanternItem.class with 5 transformer(s) on dev.architectury.transformer.handler.TinyRemapperPreparedTransformerHandler
[Architectury Transformer DEBUG] Found class transformer
[Architectury Transformer DEBUG] Writing net/bandit/many_bows/item/SoulLanternItem with maxs=true frames=true
[Architectury Transformer DEBUG] Transformed net/bandit/many_bows/item/SoulLanternItem in 247.4 μs
[Architectury Transformer DEBUG] Transforming from net/bandit/many_bows/item/VerdantVigorBow.class to net/bandit/many_bows/item/VerdantVigorBow.class with 5 transformer(s) on dev.architectury.transformer.handler.TinyRemapperPreparedTransformerHandler
[Architectury Transformer DEBUG] Found class transformer
[Architectury Transformer DEBUG] Writing net/bandit/many_bows/item/VerdantVigorBow with maxs=true frames=true
[Architectury Transformer DEBUG] Transformed net/bandit/many_bows/item/VerdantVigorBow in 815.7 μs
[Architectury Transformer DEBUG] Transforming from net/bandit/many_bows/item/VaultpiercerBow.class to net/bandit/many_bows/item/VaultpiercerBow.class with 5 transformer(s) on dev.architectury.transformer.handler.TinyRemapperPreparedTransformerHandler
[Architectury Transformer DEBUG] Found class transformer
[Architectury Transformer DEBUG] Writing net/bandit/many_bows/item/VaultpiercerBow with maxs=true frames=true
[Architectury Transformer DEBUG] Transformed net/bandit/many_bows/item/VaultpiercerBow in 713.5 μs
[Architectury Transformer DEBUG] Transforming from net/bandit/many_bows/item/TwinShadowsBow.class to net/bandit/many_bows/item/TwinShadowsBow.class with 5 transformer(s) on dev.architectury.transformer.handler.TinyRemapperPreparedTransformerHandler
[Architectury Transformer DEBUG] Found class transformer
[Architectury Transformer DEBUG] Writing net/bandit/many_bows/item/TwinShadowsBow with maxs=true frames=true
[Architectury Transformer DEBUG] Transformed net/bandit/many_bows/item/TwinShadowsBow in 846.0 μs
[Architectury Transformer DEBUG] Transforming from net/bandit/many_bows/item/TorchbearerBow.class to net/bandit/many_bows/item/TorchbearerBow.class with 5 transformer(s) on dev.architectury.transformer.handler.TinyRemapperPreparedTransformerHandler
[Architectury Transformer DEBUG] Found class transformer
[Architectury Transformer DEBUG] Writing net/bandit/many_bows/item/TorchbearerBow with maxs=true frames=true
[Architectury Transformer DEBUG] Transformed net/bandit/many_bows/item/TorchbearerBow in 916.3 μs
[Architectury Transformer DEBUG] Transforming from net/bandit/many_bows/item/GravewireBow.class to net/bandit/many_bows/item/GravewireBow.class with 5 transformer(s) on dev.architectury.transformer.handler.TinyRemapperPreparedTransformerHandler
[Architectury Transformer DEBUG] Found class transformer
[Architectury Transformer DEBUG] Writing net/bandit/many_bows/item/GravewireBow with maxs=true frames=true
[Architectury Transformer DEBUG] Transformed net/bandit/many_bows/item/GravewireBow in 751.9 μs
[Architectury Transformer DEBUG] Transforming from net/bandit/many_bows/item/WebstringVolleyBow.class to net/bandit/many_bows/item/WebstringVolleyBow.class with 5 transformer(s) on dev.architectury.transformer.handler.TinyRemapperPreparedTransformerHandler
[Architectury Transformer DEBUG] Found class transformer
[Architectury Transformer DEBUG] Writing net/bandit/many_bows/item/WebstringVolleyBow with maxs=true frames=true
[Architectury Transformer DEBUG] Transformed net/bandit/many_bows/item/WebstringVolleyBow in 678.9 μs
[Architectury Transformer DEBUG] Transforming from net/bandit/many_bows/item/ScatterBow.class to net/bandit/many_bows/item/ScatterBow.class with 5 transformer(s) on dev.architectury.transformer.handler.TinyRemapperPreparedTransformerHandler
[Architectury Transformer DEBUG] Found class transformer
[Architectury Transformer DEBUG] Writing net/bandit/many_bows/item/ScatterBow with maxs=true frames=true
[Architectury Transformer DEBUG] Transformed net/bandit/many_bows/item/ScatterBow in 621.2 μs
[Architectury Transformer DEBUG] Transforming from net/bandit/many_bows/item/RadianceBow.class to net/bandit/many_bows/item/RadianceBow.class with 5 transformer(s) on dev.architectury.transformer.handler.TinyRemapperPreparedTransformerHandler
[Architectury Transformer DEBUG] Found class transformer
[Architectury Transformer DEBUG] Writing net/bandit/many_bows/item/RadianceBow with maxs=true frames=true
[Architectury Transformer DEBUG] Transformed net/bandit/many_bows/item/RadianceBow in 572.5 μs
[Architectury Transformer DEBUG] Transforming from net/bandit/many_bows/item/IroncladBow.class to net/bandit/many_bows/item/IroncladBow.class with 5 transformer(s) on dev.architectury.transformer.handler.TinyRemapperPreparedTransformerHandler
[Architectury Transformer DEBUG] Found class transformer
[Architectury Transformer DEBUG] Writing net/bandit/many_bows/item/IroncladBow with maxs=true frames=true
[Architectury Transformer DEBUG] Transformed net/bandit/many_bows/item/IroncladBow in 777.7 μs
[Architectury Transformer DEBUG] Transforming from net/bandit/many_bows/item/CrimsonNexusBow.class to net/bandit/many_bows/item/CrimsonNexusBow.class with 5 transformer(s) on dev.architectury.transformer.handler.TinyRemapperPreparedTransformerHandler
[Architectury Transformer DEBUG] Found class transformer
[Architectury Transformer DEBUG] Writing net/bandit/many_bows/item/CrimsonNexusBow with maxs=true frames=true
[Architectury Transformer DEBUG] Transformed net/bandit/many_bows/item/CrimsonNexusBow in 651.5 μs
[Architectury Transformer DEBUG] Transforming from net/bandit/many_bows/item/SonicBoomBow.class to net/bandit/many_bows/item/SonicBoomBow.class with 5 transformer(s) on dev.architectury.transformer.handler.TinyRemapperPreparedTransformerHandler
[Architectury Transformer DEBUG] Found class transformer
[Architectury Transformer DEBUG] Writing net/bandit/many_bows/item/SonicBoomBow with maxs=true frames=true
[Architectury Transformer DEBUG] Transformed net/bandit/many_bows/item/SonicBoomBow in 546.1 μs
[Architectury Transformer DEBUG] Transforming from net/bandit/many_bows/item/EmeraldSageBow.class to net/bandit/many_bows/item/EmeraldSageBow.class with 5 transformer(s) on dev.architectury.transformer.handler.TinyRemapperPreparedTransformerHandler
[Architectury Transformer DEBUG] Found class transformer
[Architectury Transformer DEBUG] Writing net/bandit/many_bows/item/EmeraldSageBow with maxs=true frames=true
[Architectury Transformer DEBUG] Transformed net/bandit/many_bows/item/EmeraldSageBow in 509.8 μs
[Architectury Transformer DEBUG] Transforming from net/bandit/many_bows/item/DragonsBreathBow.class to net/bandit/many_bows/item/DragonsBreathBow.class with 5 transformer(s) on dev.architectury.transformer.handler.TinyRemapperPreparedTransformerHandler
[Architectury Transformer DEBUG] Found class transformer
[Architectury Transformer DEBUG] Writing net/bandit/many_bows/item/DragonsBreathBow with maxs=true frames=true
[Architectury Transformer DEBUG] Transformed net/bandit/many_bows/item/DragonsBreathBow in 482.4 μs
[Architectury Transformer DEBUG] Transforming from net/bandit/many_bows/item/DemonsGrasp.class to net/bandit/many_bows/item/DemonsGrasp.class with 5 transformer(s) on dev.architectury.transformer.handler.TinyRemapperPreparedTransformerHandler
[Architectury Transformer DEBUG] Found class transformer
[Architectury Transformer DEBUG] Writing net/bandit/many_bows/item/DemonsGrasp with maxs=true frames=true
[Architectury Transformer DEBUG] Transformed net/bandit/many_bows/item/DemonsGrasp in 482.1 μs
[Architectury Transformer DEBUG] Transforming from net/bandit/many_bows/item/IcicleJavelinBow.class to net/bandit/many_bows/item/IcicleJavelinBow.class with 5 transformer(s) on dev.architectury.transformer.handler.TinyRemapperPreparedTransformerHandler
[Architectury Transformer DEBUG] Found class transformer
[Architectury Transformer DEBUG] Writing net/bandit/many_bows/item/IcicleJavelinBow with maxs=true frames=true
[Architectury Transformer DEBUG] Transformed net/bandit/many_bows/item/IcicleJavelinBow in 757.5 μs
[Architectury Transformer DEBUG] Transforming from net/bandit/many_bows/item/DuskReaperBow.class to net/bandit/many_bows/item/DuskReaperBow.class with 5 transformer(s) on dev.architectury.transformer.handler.TinyRemapperPreparedTransformerHandler
[Architectury Transformer DEBUG] Found class transformer
[Architectury Transformer DEBUG] Writing net/bandit/many_bows/item/DuskReaperBow with maxs=true frames=true
[Architectury Transformer DEBUG] Transformed net/bandit/many_bows/item/DuskReaperBow in 837.1 μs
[Architectury Transformer DEBUG] Transforming from net/bandit/many_bows/item/CursedFlameBow.class to net/bandit/many_bows/item/CursedFlameBow.class with 5 transformer(s) on dev.architectury.transformer.handler.TinyRemapperPreparedTransformerHandler
[Architectury Transformer DEBUG] Found class transformer
[Architectury Transformer DEBUG] Writing net/bandit/many_bows/item/CursedFlameBow with maxs=true frames=true
[Architectury Transformer DEBUG] Transformed net/bandit/many_bows/item/CursedFlameBow in 870.9 μs
[Architectury Transformer DEBUG] Transforming from net/bandit/many_bows/registry/TabRegistry.class to net/bandit/many_bows/registry/TabRegistry.class with 5 transformer(s) on dev.architectury.transformer.handler.TinyRemapperPreparedTransformerHandler
[Architectury Transformer DEBUG] Found class transformer
[Architectury Transformer DEBUG] Writing net/bandit/many_bows/registry/TabRegistry with maxs=true frames=true
[Architectury Transformer DEBUG] Transformed net/bandit/many_bows/registry/TabRegistry in 355.5 μs
[Architectury Transformer DEBUG] Transforming from net/bandit/many_bows/item/BowDamageRingItem$Tier.class to net/bandit/many_bows/item/BowDamageRingItem$Tier.class with 5 transformer(s) on dev.architectury.transformer.handler.TinyRemapperPreparedTransformerHandler
[Architectury Transformer DEBUG] Found class transformer
[Architectury Transformer DEBUG] Writing net/bandit/many_bows/item/BowDamageRingItem$Tier with maxs=true frames=true
[Architectury Transformer DEBUG] Transformed net/bandit/many_bows/item/BowDamageRingItem$Tier in 585.9 μs
[Architectury Transformer DEBUG] Transforming from net/bandit/many_bows/item/BowNecklaceItem$Tier.class to net/bandit/many_bows/item/BowNecklaceItem$Tier.class with 5 transformer(s) on dev.architectury.transformer.handler.TinyRemapperPreparedTransformerHandler
[Architectury Transformer DEBUG] Found class transformer
[Architectury Transformer DEBUG] Writing net/bandit/many_bows/item/BowNecklaceItem$Tier with maxs=true frames=true
[Architectury Transformer DEBUG] Transformed net/bandit/many_bows/item/BowNecklaceItem$Tier in 315.5 μs
[Architectury Transformer DEBUG] Transforming from net/bandit/many_bows/entity/AethersCallArrow.class to net/bandit/many_bows/entity/AethersCallArrow.class with 5 transformer(s) on dev.architectury.transformer.handler.TinyRemapperPreparedTransformerHandler
[Architectury Transformer DEBUG] Found class transformer
[Architectury Transformer DEBUG] Writing net/bandit/many_bows/entity/AethersCallArrow with maxs=true frames=true
[Architectury Transformer DEBUG] Transformed net/bandit/many_bows/entity/AethersCallArrow in 1.193 ms
[Architectury Transformer DEBUG] Transforming from net/bandit/many_bows/entity/AncientSageArrow.class to net/bandit/many_bows/entity/AncientSageArrow.class with 5 transformer(s) on dev.architectury.transformer.handler.TinyRemapperPreparedTransformerHandler
[Architectury Transformer DEBUG] Found class transformer
[Architectury Transformer DEBUG] Writing net/bandit/many_bows/entity/AncientSageArrow with maxs=true frames=true
[Architectury Transformer DEBUG] Transformed net/bandit/many_bows/entity/AncientSageArrow in 532.5 μs
[Architectury Transformer DEBUG] Transforming from net/bandit/many_bows/entity/LightningArrow.class to net/bandit/many_bows/entity/LightningArrow.class with 5 transformer(s) on dev.architectury.transformer.handler.TinyRemapperPreparedTransformerHandler
[Architectury Transformer DEBUG] Found class transformer
[Architectury Transformer DEBUG] Writing net/bandit/many_bows/entity/LightningArrow with maxs=true frames=true
[Architectury Transformer DEBUG] Transformed net/bandit/many_bows/entity/LightningArrow in 372.7 μs
[Architectury Transformer DEBUG] Transforming from net/bandit/many_bows/entity/AstralArrow.class to net/bandit/many_bows/entity/AstralArrow.class with 5 transformer(s) on dev.architectury.transformer.handler.TinyRemapperPreparedTransformerHandler
[Architectury Transformer DEBUG] Found class transformer
[Architectury Transformer DEBUG] Writing net/bandit/many_bows/entity/AstralArrow with maxs=true frames=true
[Architectury Transformer DEBUG] Transformed net/bandit/many_bows/entity/AstralArrow in 324.7 μs
[Architectury Transformer DEBUG] Transforming from net/bandit/many_bows/entity/AuroraArrowEntity.class to net/bandit/many_bows/entity/AuroraArrowEntity.class with 5 transformer(s) on dev.architectury.transformer.handler.TinyRemapperPreparedTransformerHandler
[Architectury Transformer DEBUG] Found class transformer
[Architectury Transformer DEBUG] Writing net/bandit/many_bows/entity/AuroraArrowEntity with maxs=true frames=true
[Architectury Transformer DEBUG] Transformed net/bandit/many_bows/entity/AuroraArrowEntity in 314.3 μs
[Architectury Transformer DEBUG] Transforming from net/bandit/many_bows/entity/BeaconBeamArrow.class to net/bandit/many_bows/entity/BeaconBeamArrow.class with 5 transformer(s) on dev.architectury.transformer.handler.TinyRemapperPreparedTransformerHandler
[Architectury Transformer DEBUG] Found class transformer
[Architectury Transformer DEBUG] Writing net/bandit/many_bows/entity/BeaconBeamArrow with maxs=true frames=true
[Architectury Transformer DEBUG] Transformed net/bandit/many_bows/entity/BeaconBeamArrow in 463.6 μs
[Architectury Transformer DEBUG] Transforming from net/bandit/many_bows/entity/IcicleJavelin.class to net/bandit/many_bows/entity/IcicleJavelin.class with 5 transformer(s) on dev.architectury.transformer.handler.TinyRemapperPreparedTransformerHandler
[Architectury Transformer DEBUG] Found class transformer
[Architectury Transformer DEBUG] Writing net/bandit/many_bows/entity/IcicleJavelin with maxs=true frames=true
[Architectury Transformer DEBUG] Transformed net/bandit/many_bows/entity/IcicleJavelin in 766.1 μs
[Architectury Transformer DEBUG] Transforming from net/bandit/many_bows/entity/DragonsBreathArrow.class to net/bandit/many_bows/entity/DragonsBreathArrow.class with 5 transformer(s) on dev.architectury.transformer.handler.TinyRemapperPreparedTransformerHandler
[Architectury Transformer DEBUG] Found class transformer
[Architectury Transformer DEBUG] Writing net/bandit/many_bows/entity/DragonsBreathArrow with maxs=true frames=true
[Architectury Transformer DEBUG] Transformed net/bandit/many_bows/entity/DragonsBreathArrow in 940.6 μs
[Architectury Transformer DEBUG] Transforming from net/bandit/many_bows/entity/CursedFlameArrow.class to net/bandit/many_bows/entity/CursedFlameArrow.class with 5 transformer(s) on dev.architectury.transformer.handler.TinyRemapperPreparedTransformerHandler
[Architectury Transformer DEBUG] Found class transformer
[Architectury Transformer DEBUG] Writing net/bandit/many_bows/entity/CursedFlameArrow with maxs=true frames=true
[Architectury Transformer DEBUG] Transformed net/bandit/many_bows/entity/CursedFlameArrow in 822.7 μs
[Architectury Transformer DEBUG] Transforming from net/bandit/many_bows/entity/SonicBoomProjectile.class to net/bandit/many_bows/entity/SonicBoomProjectile.class with 5 transformer(s) on dev.architectury.transformer.handler.TinyRemapperPreparedTransformerHandler
[Architectury Transformer DEBUG] Found class transformer
[Architectury Transformer DEBUG] Writing net/bandit/many_bows/entity/SonicBoomProjectile with maxs=true frames=true
[Architectury Transformer DEBUG] Transformed net/bandit/many_bows/entity/SonicBoomProjectile in 705.2 μs
[Architectury Transformer DEBUG] Transforming from net/bandit/many_bows/entity/DuskReaperArrow.class to net/bandit/many_bows/entity/DuskReaperArrow.class with 5 transformer(s) on dev.architectury.transformer.handler.TinyRemapperPreparedTransformerHandler
[Architectury Transformer DEBUG] Found class transformer
[Architectury Transformer DEBUG] Writing net/bandit/many_bows/entity/DuskReaperArrow with maxs=true frames=true
[Architectury Transformer DEBUG] Transformed net/bandit/many_bows/entity/DuskReaperArrow in 418.9 μs
[Architectury Transformer DEBUG] Transforming from net/bandit/many_bows/entity/HunterXPArrow.class to net/bandit/many_bows/entity/HunterXPArrow.class with 5 transformer(s) on dev.architectury.transformer.handler.TinyRemapperPreparedTransformerHandler
[Architectury Transformer DEBUG] Found class transformer
[Architectury Transformer DEBUG] Writing net/bandit/many_bows/entity/HunterXPArrow with maxs=true frames=true
[Architectury Transformer DEBUG] Transformed net/bandit/many_bows/entity/HunterXPArrow in 523.4 μs
[Architectury Transformer DEBUG] Transforming from net/bandit/many_bows/entity/EtherealArrow.class to net/bandit/many_bows/entity/EtherealArrow.class with 5 transformer(s) on dev.architectury.transformer.handler.TinyRemapperPreparedTransformerHandler
[Architectury Transformer DEBUG] Found class transformer
[Architectury Transformer DEBUG] Writing net/bandit/many_bows/entity/EtherealArrow with maxs=true frames=true
[Architectury Transformer DEBUG] Transformed net/bandit/many_bows/entity/EtherealArrow in 377.9 μs
[Architectury Transformer DEBUG] Transforming from net/bandit/many_bows/entity/FlameArrow.class to net/bandit/many_bows/entity/FlameArrow.class with 5 transformer(s) on dev.architectury.transformer.handler.TinyRemapperPreparedTransformerHandler
[Architectury Transformer DEBUG] Found class transformer
[Architectury Transformer DEBUG] Writing net/bandit/many_bows/entity/FlameArrow with maxs=true frames=true
[Architectury Transformer DEBUG] Transformed net/bandit/many_bows/entity/FlameArrow in 780.4 μs
[Architectury Transformer DEBUG] Transforming from net/bandit/many_bows/entity/FrostbiteArrow.class to net/bandit/many_bows/entity/FrostbiteArrow.class with 5 transformer(s) on dev.architectury.transformer.handler.TinyRemapperPreparedTransformerHandler
[Architectury Transformer DEBUG] Found class transformer
[Architectury Transformer DEBUG] Writing net/bandit/many_bows/entity/FrostbiteArrow with maxs=true frames=true
[Architectury Transformer DEBUG] Transformed net/bandit/many_bows/entity/FrostbiteArrow in 528.1 μs
[Architectury Transformer DEBUG] Transforming from net/bandit/many_bows/entity/HunterArrow.class to net/bandit/many_bows/entity/HunterArrow.class with 5 transformer(s) on dev.architectury.transformer.handler.TinyRemapperPreparedTransformerHandler
[Architectury Transformer DEBUG] Found class transformer
[Architectury Transformer DEBUG] Writing net/bandit/many_bows/entity/HunterArrow with maxs=true frames=true
[Architectury Transformer DEBUG] Transformed net/bandit/many_bows/entity/HunterArrow in 641.6 μs
[Architectury Transformer DEBUG] Transforming from net/bandit/many_bows/entity/IronCladArrow.class to net/bandit/many_bows/entity/IronCladArrow.class with 5 transformer(s) on dev.architectury.transformer.handler.TinyRemapperPreparedTransformerHandler
[Architectury Transformer DEBUG] Found class transformer
[Architectury Transformer DEBUG] Writing net/bandit/many_bows/entity/IronCladArrow with maxs=true frames=true
[Architectury Transformer DEBUG] Transformed net/bandit/many_bows/entity/IronCladArrow in 485.8 μs
[Architectury Transformer DEBUG] Transforming from net/bandit/many_bows/entity/RadiantArrow.class to net/bandit/many_bows/entity/RadiantArrow.class with 5 transformer(s) on dev.architectury.transformer.handler.TinyRemapperPreparedTransformerHandler
[Architectury Transformer DEBUG] Found class transformer
[Architectury Transformer DEBUG] Writing net/bandit/many_bows/entity/RadiantArrow with maxs=true frames=true
[Architectury Transformer DEBUG] Transformed net/bandit/many_bows/entity/RadiantArrow in 522.6 μs
[Architectury Transformer DEBUG] Transforming from net/bandit/many_bows/entity/SentinelWrathArrow.class to net/bandit/many_bows/entity/SentinelWrathArrow.class with 5 transformer(s) on dev.architectury.transformer.handler.TinyRemapperPreparedTransformerHandler
[Architectury Transformer DEBUG] Found class transformer
[Architectury Transformer DEBUG] Writing net/bandit/many_bows/entity/SentinelWrathArrow with maxs=true frames=true
[Architectury Transformer DEBUG] Transformed net/bandit/many_bows/entity/SentinelWrathArrow in 526.2 μs
[Architectury Transformer DEBUG] Transforming from net/bandit/many_bows/entity/ShulkerBlastProjectile.class to net/bandit/many_bows/entity/ShulkerBlastProjectile.class with 5 transformer(s) on dev.architectury.transformer.handler.TinyRemapperPreparedTransformerHandler
[Architectury Transformer DEBUG] Found class transformer
[Architectury Transformer DEBUG] Writing net/bandit/many_bows/entity/ShulkerBlastProjectile with maxs=true frames=true
[Architectury Transformer DEBUG] Transformed net/bandit/many_bows/entity/ShulkerBlastProjectile in 693.4 μs
[Architectury Transformer DEBUG] Transforming from net/bandit/many_bows/entity/SolarArrow.class to net/bandit/many_bows/entity/SolarArrow.class with 5 transformer(s) on dev.architectury.transformer.handler.TinyRemapperPreparedTransformerHandler
[Architectury Transformer DEBUG] Found class transformer
[Architectury Transformer DEBUG] Writing net/bandit/many_bows/entity/SolarArrow with maxs=true frames=true
[Architectury Transformer DEBUG] Transformed net/bandit/many_bows/entity/SolarArrow in 812.1 μs
[Architectury Transformer DEBUG] Transforming from net/bandit/many_bows/entity/SpectralArrow.class to net/bandit/many_bows/entity/SpectralArrow.class with 5 transformer(s) on dev.architectury.transformer.handler.TinyRemapperPreparedTransformerHandler
[Architectury Transformer DEBUG] Found class transformer
[Architectury Transformer DEBUG] Writing net/bandit/many_bows/entity/SpectralArrow with maxs=true frames=true
[Architectury Transformer DEBUG] Transformed net/bandit/many_bows/entity/SpectralArrow in 542.7 μs
[Architectury Transformer DEBUG] Transforming from net/bandit/many_bows/entity/TidalArrow.class to net/bandit/many_bows/entity/TidalArrow.class with 5 transformer(s) on dev.architectury.transformer.handler.TinyRemapperPreparedTransformerHandler
[Architectury Transformer DEBUG] Found class transformer
[Architectury Transformer DEBUG] Writing net/bandit/many_bows/entity/TidalArrow with maxs=true frames=true
[Architectury Transformer DEBUG] Transformed net/bandit/many_bows/entity/TidalArrow in 525.8 μs
[Architectury Transformer DEBUG] Transforming from net/bandit/many_bows/entity/LightOrbEntity.class to net/bandit/many_bows/entity/LightOrbEntity.class with 5 transformer(s) on dev.architectury.transformer.handler.TinyRemapperPreparedTransformerHandler
[Architectury Transformer DEBUG] Found class transformer
[Architectury Transformer DEBUG] Writing net/bandit/many_bows/entity/LightOrbEntity with maxs=true frames=true
[Architectury Transformer DEBUG] Transformed net/bandit/many_bows/entity/LightOrbEntity in 484.0 μs
[Architectury Transformer DEBUG] Transforming from net/bandit/many_bows/entity/TorchbearerArrow.class to net/bandit/many_bows/entity/TorchbearerArrow.class with 5 transformer(s) on dev.architectury.transformer.handler.TinyRemapperPreparedTransformerHandler
[Architectury Transformer DEBUG] Found class transformer
[Architectury Transformer DEBUG] Writing net/bandit/many_bows/entity/TorchbearerArrow with maxs=true frames=true
[Architectury Transformer DEBUG] Transformed net/bandit/many_bows/entity/TorchbearerArrow in 429.0 μs
[Architectury Transformer DEBUG] Transforming from net/bandit/many_bows/entity/VitalityArrow.class to net/bandit/many_bows/entity/VitalityArrow.class with 5 transformer(s) on dev.architectury.transformer.handler.TinyRemapperPreparedTransformerHandler
[Architectury Transformer DEBUG] Found class transformer
[Architectury Transformer DEBUG] Writing net/bandit/many_bows/entity/VitalityArrow with maxs=true frames=true
[Architectury Transformer DEBUG] Transformed net/bandit/many_bows/entity/VitalityArrow in 496.6 μs
[Architectury Transformer DEBUG] Transforming from net/bandit/many_bows/entity/VenomArrow.class to net/bandit/many_bows/entity/VenomArrow.class with 5 transformer(s) on dev.architectury.transformer.handler.TinyRemapperPreparedTransformerHandler
[Architectury Transformer DEBUG] Found class transformer
[Architectury Transformer DEBUG] Writing net/bandit/many_bows/entity/VenomArrow with maxs=true frames=true
[Architectury Transformer DEBUG] Transformed net/bandit/many_bows/entity/VenomArrow in 648.1 μs
[Architectury Transformer DEBUG] Transforming from net/bandit/many_bows/entity/WebstringArrow.class to net/bandit/many_bows/entity/WebstringArrow.class with 5 transformer(s) on dev.architectury.transformer.handler.TinyRemapperPreparedTransformerHandler
[Architectury Transformer DEBUG] Found class transformer
[Architectury Transformer DEBUG] Writing net/bandit/many_bows/entity/WebstringArrow with maxs=true frames=true
[Architectury Transformer DEBUG] Transformed net/bandit/many_bows/entity/WebstringArrow in 482.3 μs
[Architectury Transformer DEBUG] Transforming from net/bandit/many_bows/entity/WindProjectile.class to net/bandit/many_bows/entity/WindProjectile.class with 5 transformer(s) on dev.architectury.transformer.handler.TinyRemapperPreparedTransformerHandler
[Architectury Transformer DEBUG] Found class transformer
[Architectury Transformer DEBUG] Writing net/bandit/many_bows/entity/WindProjectile with maxs=true frames=true
[Architectury Transformer DEBUG] Transformed net/bandit/many_bows/entity/WindProjectile in 684.7 μs
[Architectury Transformer DEBUG] Transforming from net/bandit/many_bows/entity/GravewireArrow.class to net/bandit/many_bows/entity/GravewireArrow.class with 5 transformer(s) on dev.architectury.transformer.handler.TinyRemapperPreparedTransformerHandler
[Architectury Transformer DEBUG] Found class transformer
[Architectury Transformer DEBUG] Writing net/bandit/many_bows/entity/GravewireArrow with maxs=true frames=true
[Architectury Transformer DEBUG] Transformed net/bandit/many_bows/entity/GravewireArrow in 1.260 ms
[Architectury Transformer DEBUG] Transforming from net/bandit/many_bows/entity/VaultpiercerArrow.class to net/bandit/many_bows/entity/VaultpiercerArrow.class with 5 transformer(s) on dev.architectury.transformer.handler.TinyRemapperPreparedTransformerHandler
[Architectury Transformer DEBUG] Found class transformer
[Architectury Transformer DEBUG] Writing net/bandit/many_bows/entity/VaultpiercerArrow with maxs=true frames=true
[Architectury Transformer DEBUG] Transformed net/bandit/many_bows/entity/VaultpiercerArrow in 1.276 ms
[Architectury Transformer DEBUG] Transforming from net/bandit/many_bows/entity/SoulhoardArrow.class to net/bandit/many_bows/entity/SoulhoardArrow.class with 5 transformer(s) on dev.architectury.transformer.handler.TinyRemapperPreparedTransformerHandler
[Architectury Transformer DEBUG] Found class transformer
[Architectury Transformer DEBUG] Writing net/bandit/many_bows/entity/SoulhoardArrow with maxs=true frames=true
[Architectury Transformer DEBUG] Transformed net/bandit/many_bows/entity/SoulhoardArrow in 1.132 ms
[Architectury Transformer DEBUG] Transforming from net/bandit/many_bows/registry/EntityRegistry.class to net/bandit/many_bows/registry/EntityRegistry.class with 5 transformer(s) on dev.architectury.transformer.handler.TinyRemapperPreparedTransformerHandler
[Architectury Transformer DEBUG] Found class transformer
[Architectury Transformer DEBUG] Writing net/bandit/many_bows/registry/EntityRegistry with maxs=true frames=true
[Architectury Transformer DEBUG] Transformed net/bandit/many_bows/registry/EntityRegistry in 1.332 ms
[Architectury Transformer DEBUG] Transforming from net/bandit/many_bows/entity/RiftEntity.class to net/bandit/many_bows/entity/RiftEntity.class with 5 transformer(s) on dev.architectury.transformer.handler.TinyRemapperPreparedTransformerHandler
[Architectury Transformer DEBUG] Found class transformer
[Architectury Transformer DEBUG] Writing net/bandit/many_bows/entity/RiftEntity with maxs=true frames=true
[Architectury Transformer DEBUG] Transformed net/bandit/many_bows/entity/RiftEntity in 831.7 μs
[Architectury Transformer DEBUG] Transforming from net/bandit/many_bows/entity/DragonsBreathArrow$1.class to net/bandit/many_bows/entity/DragonsBreathArrow$1.class with 5 transformer(s) on dev.architectury.transformer.handler.TinyRemapperPreparedTransformerHandler
[Architectury Transformer DEBUG] Found class transformer
[Architectury Transformer DEBUG] Writing net/bandit/many_bows/entity/DragonsBreathArrow$1 with maxs=true frames=true
[Architectury Transformer DEBUG] Transformed net/bandit/many_bows/entity/DragonsBreathArrow$1 in 262.5 μs
[Architectury Transformer DEBUG] Transforming from net/bandit/many_bows/entity/GravewireMarkEntity.class to net/bandit/many_bows/entity/GravewireMarkEntity.class with 5 transformer(s) on dev.architectury.transformer.handler.TinyRemapperPreparedTransformerHandler
[Architectury Transformer DEBUG] Found class transformer
[Architectury Transformer DEBUG] Writing net/bandit/many_bows/entity/GravewireMarkEntity with maxs=true frames=true
[Architectury Transformer DEBUG] Transformed net/bandit/many_bows/entity/GravewireMarkEntity in 859.6 μs
[Architectury Transformer DEBUG] Transforming from net/bandit/many_bows/entity/VaultPortalEntity.class to net/bandit/many_bows/entity/VaultPortalEntity.class with 5 transformer(s) on dev.architectury.transformer.handler.TinyRemapperPreparedTransformerHandler
[Architectury Transformer DEBUG] Found class transformer
[Architectury Transformer DEBUG] Writing net/bandit/many_bows/entity/VaultPortalEntity with maxs=true frames=true
[Architectury Transformer DEBUG] Transformed net/bandit/many_bows/entity/VaultPortalEntity in 1.352 ms
[Architectury Transformer DEBUG] Transforming from net/bandit/many_bows/entity/HoardedSkullEntity.class to net/bandit/many_bows/entity/HoardedSkullEntity.class with 5 transformer(s) on dev.architectury.transformer.handler.TinyRemapperPreparedTransformerHandler
[Architectury Transformer DEBUG] Found class transformer
[Architectury Transformer DEBUG] Writing net/bandit/many_bows/entity/HoardedSkullEntity with maxs=true frames=true
[Architectury Transformer DEBUG] Transformed net/bandit/many_bows/entity/HoardedSkullEntity in 1.282 ms
[Architectury Transformer DEBUG] Transforming from net/bandit/many_bows/registry/AttributesRegistry.class to net/bandit/many_bows/registry/AttributesRegistry.class with 5 transformer(s) on dev.architectury.transformer.handler.TinyRemapperPreparedTransformerHandler
[Architectury Transformer DEBUG] Found class transformer
[Architectury Transformer DEBUG] Writing net/bandit/many_bows/registry/AttributesRegistry with maxs=true frames=true
[Architectury Transformer DEBUG] Transformed net/bandit/many_bows/registry/AttributesRegistry in 463.6 μs
[Architectury Transformer DEBUG] Transforming from net/bandit/many_bows/registry/SoundRegistry.class to net/bandit/many_bows/registry/SoundRegistry.class with 5 transformer(s) on dev.architectury.transformer.handler.TinyRemapperPreparedTransformerHandler
[Architectury Transformer DEBUG] Found class transformer
[Architectury Transformer DEBUG] Writing net/bandit/many_bows/registry/SoundRegistry with maxs=true frames=true
[Architectury Transformer DEBUG] Transformed net/bandit/many_bows/registry/SoundRegistry in 340.4 μs
[Architectury Transformer DEBUG] Transforming from net/bandit/many_bows/loot/ModLootModifiers.class to net/bandit/many_bows/loot/ModLootModifiers.class with 5 transformer(s) on dev.architectury.transformer.handler.TinyRemapperPreparedTransformerHandler
[Architectury Transformer DEBUG] Found class transformer
[Architectury Transformer DEBUG] Writing net/bandit/many_bows/loot/ModLootModifiers with maxs=true frames=true
[Architectury Transformer DEBUG] Transformed net/bandit/many_bows/loot/ModLootModifiers in 441.4 μs
[Architectury Transformer DEBUG] Transforming from net/bandit/many_bows/config/ManyBowsConfigHolder.class to net/bandit/many_bows/config/ManyBowsConfigHolder.class with 5 transformer(s) on dev.architectury.transformer.handler.TinyRemapperPreparedTransformerHandler
[Architectury Transformer DEBUG] Found class transformer
[Architectury Transformer DEBUG] Writing net/bandit/many_bows/config/ManyBowsConfigHolder with maxs=true frames=true
[Architectury Transformer DEBUG] Transformed net/bandit/many_bows/config/ManyBowsConfigHolder in 185.3 μs
[Architectury Transformer DEBUG] Transforming from net/bandit/many_bows/config/BowLootConfig.class to net/bandit/many_bows/config/BowLootConfig.class with 5 transformer(s) on dev.architectury.transformer.handler.TinyRemapperPreparedTransformerHandler
[Architectury Transformer DEBUG] Found class transformer
[Architectury Transformer DEBUG] Writing net/bandit/many_bows/config/BowLootConfig with maxs=true frames=true
[Architectury Transformer DEBUG] Transformed net/bandit/many_bows/config/BowLootConfig in 578.0 μs
[Architectury Transformer DEBUG] Transforming from net/bandit/many_bows/config/BowConfigRegistry.class to net/bandit/many_bows/config/BowConfigRegistry.class with 5 transformer(s) on dev.architectury.transformer.handler.TinyRemapperPreparedTransformerHandler
[Architectury Transformer DEBUG] Found class transformer
[Architectury Transformer DEBUG] Writing net/bandit/many_bows/config/BowConfigRegistry with maxs=true frames=true
[Architectury Transformer DEBUG] Transformed net/bandit/many_bows/config/BowConfigRegistry in 911.6 μs
[Architectury Transformer DEBUG] Transforming from net/bandit/many_bows/config/ConfigEntry.class to net/bandit/many_bows/config/ConfigEntry.class with 5 transformer(s) on dev.architectury.transformer.handler.TinyRemapperPreparedTransformerHandler
[Architectury Transformer DEBUG] Found class transformer
[Architectury Transformer DEBUG] Writing net/bandit/many_bows/config/ConfigEntry with maxs=true frames=true
[Architectury Transformer DEBUG] Transformed net/bandit/many_bows/config/ConfigEntry in 454.8 μs
[Architectury Transformer DEBUG] Transforming from net/bandit/many_bows/config/bows/AethersCallBowConfig.class to net/bandit/many_bows/config/bows/AethersCallBowConfig.class with 5 transformer(s) on dev.architectury.transformer.handler.TinyRemapperPreparedTransformerHandler
[Architectury Transformer DEBUG] Found class transformer
[Architectury Transformer DEBUG] Writing net/bandit/many_bows/config/bows/AethersCallBowConfig with maxs=true frames=true
[Architectury Transformer DEBUG] Transformed net/bandit/many_bows/config/bows/AethersCallBowConfig in 198.6 μs
[Architectury Transformer DEBUG] Transforming from net/bandit/many_bows/config/bows/AncientSageBowConfig.class to net/bandit/many_bows/config/bows/AncientSageBowConfig.class with 5 transformer(s) on dev.architectury.transformer.handler.TinyRemapperPreparedTransformerHandler
[Architectury Transformer DEBUG] Found class transformer
[Architectury Transformer DEBUG] Writing net/bandit/many_bows/config/bows/AncientSageBowConfig with maxs=true frames=true
[Architectury Transformer DEBUG] Transformed net/bandit/many_bows/config/bows/AncientSageBowConfig in 386.2 μs
[Architectury Transformer DEBUG] Transforming from net/bandit/many_bows/config/bows/ArcaneBowConfig.class to net/bandit/many_bows/config/bows/ArcaneBowConfig.class with 5 transformer(s) on dev.architectury.transformer.handler.TinyRemapperPreparedTransformerHandler
[Architectury Transformer DEBUG] Found class transformer
[Architectury Transformer DEBUG] Writing net/bandit/many_bows/config/bows/ArcaneBowConfig with maxs=true frames=true
[Architectury Transformer DEBUG] Transformed net/bandit/many_bows/config/bows/ArcaneBowConfig in 204.6 μs
[Architectury Transformer DEBUG] Transforming from net/bandit/many_bows/config/bows/AstralBoundBowConfig.class to net/bandit/many_bows/config/bows/AstralBoundBowConfig.class with 5 transformer(s) on dev.architectury.transformer.handler.TinyRemapperPreparedTransformerHandler
[Architectury Transformer DEBUG] Found class transformer
[Architectury Transformer DEBUG] Writing net/bandit/many_bows/config/bows/AstralBoundBowConfig with maxs=true frames=true
[Architectury Transformer DEBUG] Transformed net/bandit/many_bows/config/bows/AstralBoundBowConfig in 152.3 μs
[Architectury Transformer DEBUG] Transforming from net/bandit/many_bows/config/bows/AurorasGraceBowConfig.class to net/bandit/many_bows/config/bows/AurorasGraceBowConfig.class with 5 transformer(s) on dev.architectury.transformer.handler.TinyRemapperPreparedTransformerHandler
[Architectury Transformer DEBUG] Found class transformer
[Architectury Transformer DEBUG] Writing net/bandit/many_bows/config/bows/AurorasGraceBowConfig with maxs=true frames=true
[Architectury Transformer DEBUG] Transformed net/bandit/many_bows/config/bows/AurorasGraceBowConfig in 234.2 μs
[Architectury Transformer DEBUG] Transforming from net/bandit/many_bows/config/bows/BeaconBeamBowConfig.class to net/bandit/many_bows/config/bows/BeaconBeamBowConfig.class with 5 transformer(s) on dev.architectury.transformer.handler.TinyRemapperPreparedTransformerHandler
[Architectury Transformer DEBUG] Found class transformer
[Architectury Transformer DEBUG] Writing net/bandit/many_bows/config/bows/BeaconBeamBowConfig with maxs=true frames=true
[Architectury Transformer DEBUG] Transformed net/bandit/many_bows/config/bows/BeaconBeamBowConfig in 248.9 μs
[Architectury Transformer DEBUG] Transforming from net/bandit/many_bows/config/bows/BurntRelicBowConfig.class to net/bandit/many_bows/config/bows/BurntRelicBowConfig.class with 5 transformer(s) on dev.architectury.transformer.handler.TinyRemapperPreparedTransformerHandler
[Architectury Transformer DEBUG] Found class transformer
[Architectury Transformer DEBUG] Writing net/bandit/many_bows/config/bows/BurntRelicBowConfig with maxs=true frames=true
[Architectury Transformer DEBUG] Transformed net/bandit/many_bows/config/bows/BurntRelicBowConfig in 136.3 μs
[Architectury Transformer DEBUG] Transforming from net/bandit/many_bows/config/bows/CrimsonNexusBowConfig.class to net/bandit/many_bows/config/bows/CrimsonNexusBowConfig.class with 5 transformer(s) on dev.architectury.transformer.handler.TinyRemapperPreparedTransformerHandler
[Architectury Transformer DEBUG] Found class transformer
[Architectury Transformer DEBUG] Writing net/bandit/many_bows/config/bows/CrimsonNexusBowConfig with maxs=true frames=true
[Architectury Transformer DEBUG] Transformed net/bandit/many_bows/config/bows/CrimsonNexusBowConfig in 153.2 μs
[Architectury Transformer DEBUG] Transforming from net/bandit/many_bows/config/bows/NecroFlameBowConfig.class to net/bandit/many_bows/config/bows/NecroFlameBowConfig.class with 5 transformer(s) on dev.architectury.transformer.handler.TinyRemapperPreparedTransformerHandler
[Architectury Transformer DEBUG] Found class transformer
[Architectury Transformer DEBUG] Writing net/bandit/many_bows/config/bows/NecroFlameBowConfig with maxs=true frames=true
[Architectury Transformer DEBUG] Transformed net/bandit/many_bows/config/bows/NecroFlameBowConfig in 182.0 μs
[Architectury Transformer DEBUG] Transforming from net/bandit/many_bows/config/bows/DragonsBreathBowConfig.class to net/bandit/many_bows/config/bows/DragonsBreathBowConfig.class with 5 transformer(s) on dev.architectury.transformer.handler.TinyRemapperPreparedTransformerHandler
[Architectury Transformer DEBUG] Found class transformer
[Architectury Transformer DEBUG] Writing net/bandit/many_bows/config/bows/DragonsBreathBowConfig with maxs=true frames=true
[Architectury Transformer DEBUG] Transformed net/bandit/many_bows/config/bows/DragonsBreathBowConfig in 190.6 μs
[Architectury Transformer DEBUG] Transforming from net/bandit/many_bows/config/bows/DuskReaperBowConfig.class to net/bandit/many_bows/config/bows/DuskReaperBowConfig.class with 5 transformer(s) on dev.architectury.transformer.handler.TinyRemapperPreparedTransformerHandler
[Architectury Transformer DEBUG] Found class transformer
[Architectury Transformer DEBUG] Writing net/bandit/many_bows/config/bows/DuskReaperBowConfig with maxs=true frames=true
[Architectury Transformer DEBUG] Transformed net/bandit/many_bows/config/bows/DuskReaperBowConfig in 206.8 μs
[Architectury Transformer DEBUG] Transforming from net/bandit/many_bows/config/bows/EtherealHunterBowConfig.class to net/bandit/many_bows/config/bows/EtherealHunterBowConfig.class with 5 transformer(s) on dev.architectury.transformer.handler.TinyRemapperPreparedTransformerHandler
[Architectury Transformer DEBUG] Found class transformer
[Architectury Transformer DEBUG] Writing net/bandit/many_bows/config/bows/EtherealHunterBowConfig with maxs=true frames=true
[Architectury Transformer DEBUG] Transformed net/bandit/many_bows/config/bows/EtherealHunterBowConfig in 156.2 μs
[Architectury Transformer DEBUG] Transforming from net/bandit/many_bows/config/bows/FlameBowConfig.class to net/bandit/many_bows/config/bows/FlameBowConfig.class with 5 transformer(s) on dev.architectury.transformer.handler.TinyRemapperPreparedTransformerHandler
[Architectury Transformer DEBUG] Found class transformer
[Architectury Transformer DEBUG] Writing net/bandit/many_bows/config/bows/FlameBowConfig with maxs=true frames=true
[Architectury Transformer DEBUG] Transformed net/bandit/many_bows/config/bows/FlameBowConfig in 174.3 μs
[Architectury Transformer DEBUG] Transforming from net/bandit/many_bows/config/bows/FrostbiteBowConfig.class to net/bandit/many_bows/config/bows/FrostbiteBowConfig.class with 5 transformer(s) on dev.architectury.transformer.handler.TinyRemapperPreparedTransformerHandler
[Architectury Transformer DEBUG] Found class transformer
[Architectury Transformer DEBUG] Writing net/bandit/many_bows/config/bows/FrostbiteBowConfig with maxs=true frames=true
[Architectury Transformer DEBUG] Transformed net/bandit/many_bows/config/bows/FrostbiteBowConfig in 166.2 μs
[Architectury Transformer DEBUG] Transforming from net/bandit/many_bows/config/bows/HunterBowConfig.class to net/bandit/many_bows/config/bows/HunterBowConfig.class with 5 transformer(s) on dev.architectury.transformer.handler.TinyRemapperPreparedTransformerHandler
[Architectury Transformer DEBUG] Found class transformer
[Architectury Transformer DEBUG] Writing net/bandit/many_bows/config/bows/HunterBowConfig with maxs=true frames=true
[Architectury Transformer DEBUG] Transformed net/bandit/many_bows/config/bows/HunterBowConfig in 186.5 μs
[Architectury Transformer DEBUG] Transforming from net/bandit/many_bows/config/bows/GravewireBowConfig.class to net/bandit/many_bows/config/bows/GravewireBowConfig.class with 5 transformer(s) on dev.architectury.transformer.handler.TinyRemapperPreparedTransformerHandler
[Architectury Transformer DEBUG] Found class transformer
[Architectury Transformer DEBUG] Writing net/bandit/many_bows/config/bows/GravewireBowConfig with maxs=true frames=true
[Architectury Transformer DEBUG] Transformed net/bandit/many_bows/config/bows/GravewireBowConfig in 344.9 μs
[Architectury Transformer DEBUG] Transforming from net/bandit/many_bows/config/bows/HunterXpBowConfig.class to net/bandit/many_bows/config/bows/HunterXpBowConfig.class with 5 transformer(s) on dev.architectury.transformer.handler.TinyRemapperPreparedTransformerHandler
[Architectury Transformer DEBUG] Found class transformer
[Architectury Transformer DEBUG] Writing net/bandit/many_bows/config/bows/HunterXpBowConfig with maxs=true frames=true
[Architectury Transformer DEBUG] Transformed net/bandit/many_bows/config/bows/HunterXpBowConfig in 176.1 μs
[Architectury Transformer DEBUG] Transforming from net/bandit/many_bows/config/bows/IcicleJavelinBowConfig.class to net/bandit/many_bows/config/bows/IcicleJavelinBowConfig.class with 5 transformer(s) on dev.architectury.transformer.handler.TinyRemapperPreparedTransformerHandler
[Architectury Transformer DEBUG] Found class transformer
[Architectury Transformer DEBUG] Writing net/bandit/many_bows/config/bows/IcicleJavelinBowConfig with maxs=true frames=true
[Architectury Transformer DEBUG] Transformed net/bandit/many_bows/config/bows/IcicleJavelinBowConfig in 176.9 μs
[Architectury Transformer DEBUG] Transforming from net/bandit/many_bows/config/bows/IroncladBowConfig.class to net/bandit/many_bows/config/bows/IroncladBowConfig.class with 5 transformer(s) on dev.architectury.transformer.handler.TinyRemapperPreparedTransformerHandler
[Architectury Transformer DEBUG] Found class transformer
[Architectury Transformer DEBUG] Writing net/bandit/many_bows/config/bows/IroncladBowConfig with maxs=true frames=true
[Architectury Transformer DEBUG] Transformed net/bandit/many_bows/config/bows/IroncladBowConfig in 174.5 μs
[Architectury Transformer DEBUG] Transforming from net/bandit/many_bows/config/bows/LightningBowConfig.class to net/bandit/many_bows/config/bows/LightningBowConfig.class with 5 transformer(s) on dev.architectury.transformer.handler.TinyRemapperPreparedTransformerHandler
[Architectury Transformer DEBUG] Found class transformer
[Architectury Transformer DEBUG] Writing net/bandit/many_bows/config/bows/LightningBowConfig with maxs=true frames=true
[Architectury Transformer DEBUG] Transformed net/bandit/many_bows/config/bows/LightningBowConfig in 117.5 μs
[Architectury Transformer DEBUG] Transforming from net/bandit/many_bows/config/bows/RadiantBowConfig.class to net/bandit/many_bows/config/bows/RadiantBowConfig.class with 5 transformer(s) on dev.architectury.transformer.handler.TinyRemapperPreparedTransformerHandler
[Architectury Transformer DEBUG] Found class transformer
[Architectury Transformer DEBUG] Writing net/bandit/many_bows/config/bows/RadiantBowConfig with maxs=true frames=true
[Architectury Transformer DEBUG] Transformed net/bandit/many_bows/config/bows/RadiantBowConfig in 116.7 μs
[Architectury Transformer DEBUG] Transforming from net/bandit/many_bows/config/bows/ScatterBowConfig.class to net/bandit/many_bows/config/bows/ScatterBowConfig.class with 5 transformer(s) on dev.architectury.transformer.handler.TinyRemapperPreparedTransformerHandler
[Architectury Transformer DEBUG] Found class transformer
[Architectury Transformer DEBUG] Writing net/bandit/many_bows/config/bows/ScatterBowConfig with maxs=true frames=true
[Architectury Transformer DEBUG] Transformed net/bandit/many_bows/config/bows/ScatterBowConfig in 216.5 μs
[Architectury Transformer DEBUG] Transforming from net/bandit/many_bows/config/bows/SentinelWrathBowConfig.class to net/bandit/many_bows/config/bows/SentinelWrathBowConfig.class with 5 transformer(s) on dev.architectury.transformer.handler.TinyRemapperPreparedTransformerHandler
[Architectury Transformer DEBUG] Found class transformer
[Architectury Transformer DEBUG] Writing net/bandit/many_bows/config/bows/SentinelWrathBowConfig with maxs=true frames=true
[Architectury Transformer DEBUG] Transformed net/bandit/many_bows/config/bows/SentinelWrathBowConfig in 177.8 μs
[Architectury Transformer DEBUG] Transforming from net/bandit/many_bows/config/bows/ShulkerBlastBowConfig.class to net/bandit/many_bows/config/bows/ShulkerBlastBowConfig.class with 5 transformer(s) on dev.architectury.transformer.handler.TinyRemapperPreparedTransformerHandler
[Architectury Transformer DEBUG] Found class transformer
[Architectury Transformer DEBUG] Writing net/bandit/many_bows/config/bows/ShulkerBlastBowConfig with maxs=true frames=true
[Architectury Transformer DEBUG] Transformed net/bandit/many_bows/config/bows/ShulkerBlastBowConfig in 175.2 μs
[Architectury Transformer DEBUG] Transforming from net/bandit/many_bows/config/bows/SolarBowConfig.class to net/bandit/many_bows/config/bows/SolarBowConfig.class with 5 transformer(s) on dev.architectury.transformer.handler.TinyRemapperPreparedTransformerHandler
[Architectury Transformer DEBUG] Found class transformer
[Architectury Transformer DEBUG] Writing net/bandit/many_bows/config/bows/SolarBowConfig with maxs=true frames=true
[Architectury Transformer DEBUG] Transformed net/bandit/many_bows/config/bows/SolarBowConfig in 213.0 μs
[Architectury Transformer DEBUG] Transforming from net/bandit/many_bows/config/bows/SonicBoomBowConfig.class to net/bandit/many_bows/config/bows/SonicBoomBowConfig.class with 5 transformer(s) on dev.architectury.transformer.handler.TinyRemapperPreparedTransformerHandler
[Architectury Transformer DEBUG] Found class transformer
[Architectury Transformer DEBUG] Writing net/bandit/many_bows/config/bows/SonicBoomBowConfig with maxs=true frames=true
[Architectury Transformer DEBUG] Transformed net/bandit/many_bows/config/bows/SonicBoomBowConfig in 204.2 μs
[Architectury Transformer DEBUG] Transforming from net/bandit/many_bows/config/bows/DemonsGraspBowConfig.class to net/bandit/many_bows/config/bows/DemonsGraspBowConfig.class with 5 transformer(s) on dev.architectury.transformer.handler.TinyRemapperPreparedTransformerHandler
[Architectury Transformer DEBUG] Found class transformer
[Architectury Transformer DEBUG] Writing net/bandit/many_bows/config/bows/DemonsGraspBowConfig with maxs=true frames=true
[Architectury Transformer DEBUG] Transformed net/bandit/many_bows/config/bows/DemonsGraspBowConfig in 220.7 μs
[Architectury Transformer DEBUG] Transforming from net/bandit/many_bows/config/bows/SpectralWhisperBowConfig.class to net/bandit/many_bows/config/bows/SpectralWhisperBowConfig.class with 5 transformer(s) on dev.architectury.transformer.handler.TinyRemapperPreparedTransformerHandler
[Architectury Transformer DEBUG] Found class transformer
[Architectury Transformer DEBUG] Writing net/bandit/many_bows/config/bows/SpectralWhisperBowConfig with maxs=true frames=true
[Architectury Transformer DEBUG] Transformed net/bandit/many_bows/config/bows/SpectralWhisperBowConfig in 149.1 μs
[Architectury Transformer DEBUG] Transforming from net/bandit/many_bows/config/bows/SoulhoardBowConfig.class to net/bandit/many_bows/config/bows/SoulhoardBowConfig.class with 5 transformer(s) on dev.architectury.transformer.handler.TinyRemapperPreparedTransformerHandler
[Architectury Transformer DEBUG] Found class transformer
[Architectury Transformer DEBUG] Writing net/bandit/many_bows/config/bows/SoulhoardBowConfig with maxs=true frames=true
[Architectury Transformer DEBUG] Transformed net/bandit/many_bows/config/bows/SoulhoardBowConfig in 259.5 μs
[Architectury Transformer DEBUG] Transforming from net/bandit/many_bows/config/bows/TidalBowConfig.class to net/bandit/many_bows/config/bows/TidalBowConfig.class with 5 transformer(s) on dev.architectury.transformer.handler.TinyRemapperPreparedTransformerHandler
[Architectury Transformer DEBUG] Found class transformer
[Architectury Transformer DEBUG] Writing net/bandit/many_bows/config/bows/TidalBowConfig with maxs=true frames=true
[Architectury Transformer DEBUG] Transformed net/bandit/many_bows/config/bows/TidalBowConfig in 170.1 μs
[Architectury Transformer DEBUG] Transforming from net/bandit/many_bows/config/bows/TorchbearerBowConfig.class to net/bandit/many_bows/config/bows/TorchbearerBowConfig.class with 5 transformer(s) on dev.architectury.transformer.handler.TinyRemapperPreparedTransformerHandler
[Architectury Transformer DEBUG] Found class transformer
[Architectury Transformer DEBUG] Writing net/bandit/many_bows/config/bows/TorchbearerBowConfig with maxs=true frames=true
[Architectury Transformer DEBUG] Transformed net/bandit/many_bows/config/bows/TorchbearerBowConfig in 149.1 μs
[Architectury Transformer DEBUG] Transforming from net/bandit/many_bows/config/bows/TwinShadowsBowConfig.class to net/bandit/many_bows/config/bows/TwinShadowsBowConfig.class with 5 transformer(s) on dev.architectury.transformer.handler.TinyRemapperPreparedTransformerHandler
[Architectury Transformer DEBUG] Found class transformer
[Architectury Transformer DEBUG] Writing net/bandit/many_bows/config/bows/TwinShadowsBowConfig with maxs=true frames=true
[Architectury Transformer DEBUG] Transformed net/bandit/many_bows/config/bows/TwinShadowsBowConfig in 151.1 μs
[Architectury Transformer DEBUG] Transforming from net/bandit/many_bows/config/bows/VerdantVigorBowConfig.class to net/bandit/many_bows/config/bows/VerdantVigorBowConfig.class with 5 transformer(s) on dev.architectury.transformer.handler.TinyRemapperPreparedTransformerHandler
[Architectury Transformer DEBUG] Found class transformer
[Architectury Transformer DEBUG] Writing net/bandit/many_bows/config/bows/VerdantVigorBowConfig with maxs=true frames=true
[Architectury Transformer DEBUG] Transformed net/bandit/many_bows/config/bows/VerdantVigorBowConfig in 165.2 μs
[Architectury Transformer DEBUG] Transforming from net/bandit/many_bows/config/bows/VaultpiercerBowConfig.class to net/bandit/many_bows/config/bows/VaultpiercerBowConfig.class with 5 transformer(s) on dev.architectury.transformer.handler.TinyRemapperPreparedTransformerHandler
[Architectury Transformer DEBUG] Found class transformer
[Architectury Transformer DEBUG] Writing net/bandit/many_bows/config/bows/VaultpiercerBowConfig with maxs=true frames=true
[Architectury Transformer DEBUG] Transformed net/bandit/many_bows/config/bows/VaultpiercerBowConfig in 281.0 μs
[Architectury Transformer DEBUG] Transforming from net/bandit/many_bows/config/bows/VenomBowConfig.class to net/bandit/many_bows/config/bows/VenomBowConfig.class with 5 transformer(s) on dev.architectury.transformer.handler.TinyRemapperPreparedTransformerHandler
[Architectury Transformer DEBUG] Found class transformer
[Architectury Transformer DEBUG] Writing net/bandit/many_bows/config/bows/VenomBowConfig with maxs=true frames=true
[Architectury Transformer DEBUG] Transformed net/bandit/many_bows/config/bows/VenomBowConfig in 172.1 μs
[Architectury Transformer DEBUG] Transforming from net/bandit/many_bows/config/bows/VitalityWeaverBowConfig.class to net/bandit/many_bows/config/bows/VitalityWeaverBowConfig.class with 5 transformer(s) on dev.architectury.transformer.handler.TinyRemapperPreparedTransformerHandler
[Architectury Transformer DEBUG] Found class transformer
[Architectury Transformer DEBUG] Writing net/bandit/many_bows/config/bows/VitalityWeaverBowConfig with maxs=true frames=true
[Architectury Transformer DEBUG] Transformed net/bandit/many_bows/config/bows/VitalityWeaverBowConfig in 153.8 μs
[Architectury Transformer DEBUG] Transforming from net/bandit/many_bows/config/bows/WebstringBowConfig.class to net/bandit/many_bows/config/bows/WebstringBowConfig.class with 5 transformer(s) on dev.architectury.transformer.handler.TinyRemapperPreparedTransformerHandler
[Architectury Transformer DEBUG] Found class transformer
[Architectury Transformer DEBUG] Writing net/bandit/many_bows/config/bows/WebstringBowConfig with maxs=true frames=true
[Architectury Transformer DEBUG] Transformed net/bandit/many_bows/config/bows/WebstringBowConfig in 163.4 μs
[Architectury Transformer DEBUG] Transforming from net/bandit/many_bows/config/bows/WindBowConfig.class to net/bandit/many_bows/config/bows/WindBowConfig.class with 5 transformer(s) on dev.architectury.transformer.handler.TinyRemapperPreparedTransformerHandler
[Architectury Transformer DEBUG] Found class transformer
[Architectury Transformer DEBUG] Writing net/bandit/many_bows/config/bows/WindBowConfig with maxs=true frames=true
[Architectury Transformer DEBUG] Transformed net/bandit/many_bows/config/bows/WindBowConfig in 197.4 μs
[Architectury Transformer DEBUG] Transforming from net/bandit/many_bows/config/BowJsonConfigHelper.class to net/bandit/many_bows/config/BowJsonConfigHelper.class with 5 transformer(s) on dev.architectury.transformer.handler.TinyRemapperPreparedTransformerHandler
[Architectury Transformer DEBUG] Found class transformer
[Architectury Transformer DEBUG] Writing net/bandit/many_bows/config/BowJsonConfigHelper with maxs=true frames=true
[Architectury Transformer DEBUG] Transformed net/bandit/many_bows/config/BowJsonConfigHelper in 605.8 μs
[Architectury Transformer DEBUG] Transforming from net/bandit/many_bows/config/BowJsonConfigHelper$ReloadEntry.class to net/bandit/many_bows/config/BowJsonConfigHelper$ReloadEntry.class with 5 transformer(s) on dev.architectury.transformer.handler.TinyRemapperPreparedTransformerHandler
[Architectury Transformer DEBUG] Found class transformer
[Architectury Transformer DEBUG] Writing net/bandit/many_bows/config/BowJsonConfigHelper$ReloadEntry with maxs=true frames=true
[Architectury Transformer DEBUG] Transformed net/bandit/many_bows/config/BowJsonConfigHelper$ReloadEntry in 298.3 μs
[Architectury Transformer DEBUG] Transforming from net/bandit/many_bows/command/TmbCommands.class to net/bandit/many_bows/command/TmbCommands.class with 5 transformer(s) on dev.architectury.transformer.handler.TinyRemapperPreparedTransformerHandler
[Architectury Transformer DEBUG] Found class transformer
[Architectury Transformer DEBUG] Writing net/bandit/many_bows/command/TmbCommands with maxs=true frames=true
[Architectury Transformer DEBUG] Transformed net/bandit/many_bows/command/TmbCommands in 628.5 μs
[Architectury Transformer DEBUG] Transforming from net/bandit/many_bows/client/ManyBowsClient.class to net/bandit/many_bows/client/ManyBowsClient.class with 5 transformer(s) on dev.architectury.transformer.handler.TinyRemapperPreparedTransformerHandler
[Architectury Transformer DEBUG] Found class transformer
[Architectury Transformer DEBUG] Writing net/bandit/many_bows/client/ManyBowsClient with maxs=true frames=true
[Architectury Transformer DEBUG] Transformed net/bandit/many_bows/client/ManyBowsClient in 668.6 μs
[Architectury Transformer DEBUG] Transforming from net/bandit/many_bows/client/renderer/FrostbiteArrowRenderer.class to net/bandit/many_bows/client/renderer/FrostbiteArrowRenderer.class with 5 transformer(s) on dev.architectury.transformer.handler.TinyRemapperPreparedTransformerHandler
[Architectury Transformer DEBUG] Found class transformer
[Architectury Transformer DEBUG] Writing net/bandit/many_bows/client/renderer/FrostbiteArrowRenderer with maxs=true frames=true
[Architectury Transformer DEBUG] Transformed net/bandit/many_bows/client/renderer/FrostbiteArrowRenderer in 286.0 μs
[Architectury Transformer DEBUG] Transforming from net/bandit/many_bows/client/renderer/SonicBoomProjectileRenderer.class to net/bandit/many_bows/client/renderer/SonicBoomProjectileRenderer.class with 5 transformer(s) on dev.architectury.transformer.handler.TinyRemapperPreparedTransformerHandler
[Architectury Transformer DEBUG] Found class transformer
[Architectury Transformer DEBUG] Writing net/bandit/many_bows/client/renderer/SonicBoomProjectileRenderer with maxs=true frames=true
[Architectury Transformer DEBUG] Transformed net/bandit/many_bows/client/renderer/SonicBoomProjectileRenderer in 220.1 μs
[Architectury Transformer DEBUG] Transforming from net/bandit/many_bows/client/renderer/DragonsBreathArrowRenderer.class to net/bandit/many_bows/client/renderer/DragonsBreathArrowRenderer.class with 5 transformer(s) on dev.architectury.transformer.handler.TinyRemapperPreparedTransformerHandler
[Architectury Transformer DEBUG] Found class transformer
[Architectury Transformer DEBUG] Writing net/bandit/many_bows/client/renderer/DragonsBreathArrowRenderer with maxs=true frames=true
[Architectury Transformer DEBUG] Transformed net/bandit/many_bows/client/renderer/DragonsBreathArrowRenderer in 134.4 μs
[Architectury Transformer DEBUG] Transforming from net/bandit/many_bows/client/renderer/IcicleJavelinRenderer.class to net/bandit/many_bows/client/renderer/IcicleJavelinRenderer.class with 5 transformer(s) on dev.architectury.transformer.handler.TinyRemapperPreparedTransformerHandler
[Architectury Transformer DEBUG] Found class transformer
[Architectury Transformer DEBUG] Writing net/bandit/many_bows/client/renderer/IcicleJavelinRenderer with maxs=true frames=true
[Architectury Transformer DEBUG] Transformed net/bandit/many_bows/client/renderer/IcicleJavelinRenderer in 166.9 μs
[Architectury Transformer DEBUG] Transforming from net/bandit/many_bows/client/renderer/VenomArrowRenderer.class to net/bandit/many_bows/client/renderer/VenomArrowRenderer.class with 5 transformer(s) on dev.architectury.transformer.handler.TinyRemapperPreparedTransformerHandler
[Architectury Transformer DEBUG] Found class transformer
[Architectury Transformer DEBUG] Writing net/bandit/many_bows/client/renderer/VenomArrowRenderer with maxs=true frames=true
[Architectury Transformer DEBUG] Transformed net/bandit/many_bows/client/renderer/VenomArrowRenderer in 163.7 μs
[Architectury Transformer DEBUG] Transforming from net/bandit/many_bows/client/renderer/FlameArrowRenderer.class to net/bandit/many_bows/client/renderer/FlameArrowRenderer.class with 5 transformer(s) on dev.architectury.transformer.handler.TinyRemapperPreparedTransformerHandler
[Architectury Transformer DEBUG] Found class transformer
[Architectury Transformer DEBUG] Writing net/bandit/many_bows/client/renderer/FlameArrowRenderer with maxs=true frames=true
[Architectury Transformer DEBUG] Transformed net/bandit/many_bows/client/renderer/FlameArrowRenderer in 141.0 μs
[Architectury Transformer DEBUG] Transforming from net/bandit/many_bows/client/renderer/TidalArrowRenderer.class to net/bandit/many_bows/client/renderer/TidalArrowRenderer.class with 5 transformer(s) on dev.architectury.transformer.handler.TinyRemapperPreparedTransformerHandler
[Architectury Transformer DEBUG] Found class transformer
[Architectury Transformer DEBUG] Writing net/bandit/many_bows/client/renderer/TidalArrowRenderer with maxs=true frames=true
[Architectury Transformer DEBUG] Transformed net/bandit/many_bows/client/renderer/TidalArrowRenderer in 161.0 μs
[Architectury Transformer DEBUG] Transforming from net/bandit/many_bows/client/renderer/WindArrowRenderer.class to net/bandit/many_bows/client/renderer/WindArrowRenderer.class with 5 transformer(s) on dev.architectury.transformer.handler.TinyRemapperPreparedTransformerHandler
[Architectury Transformer DEBUG] Found class transformer
[Architectury Transformer DEBUG] Writing net/bandit/many_bows/client/renderer/WindArrowRenderer with maxs=true frames=true
[Architectury Transformer DEBUG] Transformed net/bandit/many_bows/client/renderer/WindArrowRenderer in 143.6 μs
[Architectury Transformer DEBUG] Transforming from net/bandit/many_bows/client/renderer/LightningArrowRenderer.class to net/bandit/many_bows/client/renderer/LightningArrowRenderer.class with 5 transformer(s) on dev.architectury.transformer.handler.TinyRemapperPreparedTransformerHandler
[Architectury Transformer DEBUG] Found class transformer
[Architectury Transformer DEBUG] Writing net/bandit/many_bows/client/renderer/LightningArrowRenderer with maxs=true frames=true
[Architectury Transformer DEBUG] Transformed net/bandit/many_bows/client/renderer/LightningArrowRenderer in 141.0 μs
[Architectury Transformer DEBUG] Transforming from net/bandit/many_bows/client/renderer/CursedFlameArrowRenderer.class to net/bandit/many_bows/client/renderer/CursedFlameArrowRenderer.class with 5 transformer(s) on dev.architectury.transformer.handler.TinyRemapperPreparedTransformerHandler
[Architectury Transformer DEBUG] Found class transformer
[Architectury Transformer DEBUG] Writing net/bandit/many_bows/client/renderer/CursedFlameArrowRenderer with maxs=true frames=true
[Architectury Transformer DEBUG] Transformed net/bandit/many_bows/client/renderer/CursedFlameArrowRenderer in 144.7 μs
[Architectury Transformer DEBUG] Transforming from net/bandit/many_bows/client/renderer/HunterArrowRenderer.class to net/bandit/many_bows/client/renderer/HunterArrowRenderer.class with 5 transformer(s) on dev.architectury.transformer.handler.TinyRemapperPreparedTransformerHandler
[Architectury Transformer DEBUG] Found class transformer
[Architectury Transformer DEBUG] Writing net/bandit/many_bows/client/renderer/HunterArrowRenderer with maxs=true frames=true
[Architectury Transformer DEBUG] Transformed net/bandit/many_bows/client/renderer/HunterArrowRenderer in 130.9 μs
[Architectury Transformer DEBUG] Transforming from net/bandit/many_bows/client/renderer/SentinelArrowRenderer.class to net/bandit/many_bows/client/renderer/SentinelArrowRenderer.class with 5 transformer(s) on dev.architectury.transformer.handler.TinyRemapperPreparedTransformerHandler
[Architectury Transformer DEBUG] Found class transformer
[Architectury Transformer DEBUG] Writing net/bandit/many_bows/client/renderer/SentinelArrowRenderer with maxs=true frames=true
[Architectury Transformer DEBUG] Transformed net/bandit/many_bows/client/renderer/SentinelArrowRenderer in 97.70 μs
[Architectury Transformer DEBUG] Transforming from net/bandit/many_bows/client/renderer/ShulkerBlastArrowRenderer.class to net/bandit/many_bows/client/renderer/ShulkerBlastArrowRenderer.class with 5 transformer(s) on dev.architectury.transformer.handler.TinyRemapperPreparedTransformerHandler
[Architectury Transformer DEBUG] Found class transformer
[Architectury Transformer DEBUG] Writing net/bandit/many_bows/client/renderer/ShulkerBlastArrowRenderer with maxs=true frames=true
[Architectury Transformer DEBUG] Transformed net/bandit/many_bows/client/renderer/ShulkerBlastArrowRenderer in 108.6 μs
[Architectury Transformer DEBUG] Transforming from net/bandit/many_bows/client/renderer/HunterXPArrowRenderer.class to net/bandit/many_bows/client/renderer/HunterXPArrowRenderer.class with 5 transformer(s) on dev.architectury.transformer.handler.TinyRemapperPreparedTransformerHandler
[Architectury Transformer DEBUG] Found class transformer
[Architectury Transformer DEBUG] Writing net/bandit/many_bows/client/renderer/HunterXPArrowRenderer with maxs=true frames=true
[Architectury Transformer DEBUG] Transformed net/bandit/many_bows/client/renderer/HunterXPArrowRenderer in 144.9 μs
[Architectury Transformer DEBUG] Transforming from net/bandit/many_bows/client/renderer/AncientSageArrowRenderer.class to net/bandit/many_bows/client/renderer/AncientSageArrowRenderer.class with 5 transformer(s) on dev.architectury.transformer.handler.TinyRemapperPreparedTransformerHandler
[Architectury Transformer DEBUG] Found class transformer
[Architectury Transformer DEBUG] Writing net/bandit/many_bows/client/renderer/AncientSageArrowRenderer with maxs=true frames=true
[Architectury Transformer DEBUG] Transformed net/bandit/many_bows/client/renderer/AncientSageArrowRenderer in 118.9 μs
[Architectury Transformer DEBUG] Transforming from net/bandit/many_bows/client/renderer/VitalityArrowRenderer.class to net/bandit/many_bows/client/renderer/VitalityArrowRenderer.class with 5 transformer(s) on dev.architectury.transformer.handler.TinyRemapperPreparedTransformerHandler
[Architectury Transformer DEBUG] Found class transformer
[Architectury Transformer DEBUG] Writing net/bandit/many_bows/client/renderer/VitalityArrowRenderer with maxs=true frames=true
[Architectury Transformer DEBUG] Transformed net/bandit/many_bows/client/renderer/VitalityArrowRenderer in 118.5 μs
[Architectury Transformer DEBUG] Transforming from net/bandit/many_bows/client/renderer/AstralArrowRenderer.class to net/bandit/many_bows/client/renderer/AstralArrowRenderer.class with 5 transformer(s) on dev.architectury.transformer.handler.TinyRemapperPreparedTransformerHandler
[Architectury Transformer DEBUG] Found class transformer
[Architectury Transformer DEBUG] Writing net/bandit/many_bows/client/renderer/AstralArrowRenderer with maxs=true frames=true
[Architectury Transformer DEBUG] Transformed net/bandit/many_bows/client/renderer/AstralArrowRenderer in 116.5 μs
[Architectury Transformer DEBUG] Transforming from net/bandit/many_bows/client/renderer/SpectralArrowRenderer.class to net/bandit/many_bows/client/renderer/SpectralArrowRenderer.class with 5 transformer(s) on dev.architectury.transformer.handler.TinyRemapperPreparedTransformerHandler
[Architectury Transformer DEBUG] Found class transformer
[Architectury Transformer DEBUG] Writing net/bandit/many_bows/client/renderer/SpectralArrowRenderer with maxs=true frames=true
[Architectury Transformer DEBUG] Transformed net/bandit/many_bows/client/renderer/SpectralArrowRenderer in 120.0 μs
[Architectury Transformer DEBUG] Transforming from net/bandit/many_bows/client/renderer/AuroraArrowRenderer.class to net/bandit/many_bows/client/renderer/AuroraArrowRenderer.class with 5 transformer(s) on dev.architectury.transformer.handler.TinyRemapperPreparedTransformerHandler
[Architectury Transformer DEBUG] Found class transformer
[Architectury Transformer DEBUG] Writing net/bandit/many_bows/client/renderer/AuroraArrowRenderer with maxs=true frames=true
[Architectury Transformer DEBUG] Transformed net/bandit/many_bows/client/renderer/AuroraArrowRenderer in 113.1 μs
[Architectury Transformer DEBUG] Transforming from net/bandit/many_bows/client/renderer/RadianceArrowRenderer.class to net/bandit/many_bows/client/renderer/RadianceArrowRenderer.class with 5 transformer(s) on dev.architectury.transformer.handler.TinyRemapperPreparedTransformerHandler
[Architectury Transformer DEBUG] Found class transformer
[Architectury Transformer DEBUG] Writing net/bandit/many_bows/client/renderer/RadianceArrowRenderer with maxs=true frames=true
[Architectury Transformer DEBUG] Transformed net/bandit/many_bows/client/renderer/RadianceArrowRenderer in 119.5 μs
[Architectury Transformer DEBUG] Transforming from net/bandit/many_bows/client/renderer/DuskArrowRenderer.class to net/bandit/many_bows/client/renderer/DuskArrowRenderer.class with 5 transformer(s) on dev.architectury.transformer.handler.TinyRemapperPreparedTransformerHandler
[Architectury Transformer DEBUG] Found class transformer
[Architectury Transformer DEBUG] Writing net/bandit/many_bows/client/renderer/DuskArrowRenderer with maxs=true frames=true
[Architectury Transformer DEBUG] Transformed net/bandit/many_bows/client/renderer/DuskArrowRenderer in 112.3 μs
[Architectury Transformer DEBUG] Transforming from net/bandit/many_bows/client/renderer/IroncladArrowRenderer.class to net/bandit/many_bows/client/renderer/IroncladArrowRenderer.class with 5 transformer(s) on dev.architectury.transformer.handler.TinyRemapperPreparedTransformerHandler
[Architectury Transformer DEBUG] Found class transformer
[Architectury Transformer DEBUG] Writing net/bandit/many_bows/client/renderer/IroncladArrowRenderer with maxs=true frames=true
[Architectury Transformer DEBUG] Transformed net/bandit/many_bows/client/renderer/IroncladArrowRenderer in 119.3 μs
[Architectury Transformer DEBUG] Transforming from net/bandit/many_bows/client/renderer/WebstringArrowRenderer.class to net/bandit/many_bows/client/renderer/WebstringArrowRenderer.class with 5 transformer(s) on dev.architectury.transformer.handler.TinyRemapperPreparedTransformerHandler
[Architectury Transformer DEBUG] Found class transformer
[Architectury Transformer DEBUG] Writing net/bandit/many_bows/client/renderer/WebstringArrowRenderer with maxs=true frames=true
[Architectury Transformer DEBUG] Transformed net/bandit/many_bows/client/renderer/WebstringArrowRenderer in 113.5 μs
[Architectury Transformer DEBUG] Transforming from net/bandit/many_bows/client/renderer/TorchbearerArrowRenderer.class to net/bandit/many_bows/client/renderer/TorchbearerArrowRenderer.class with 5 transformer(s) on dev.architectury.transformer.handler.TinyRemapperPreparedTransformerHandler
[Architectury Transformer DEBUG] Found class transformer
[Architectury Transformer DEBUG] Writing net/bandit/many_bows/client/renderer/TorchbearerArrowRenderer with maxs=true frames=true
[Architectury Transformer DEBUG] Transformed net/bandit/many_bows/client/renderer/TorchbearerArrowRenderer in 112.8 μs
[Architectury Transformer DEBUG] Transforming from net/bandit/many_bows/client/renderer/EtherealArrowRenderer.class to net/bandit/many_bows/client/renderer/EtherealArrowRenderer.class with 5 transformer(s) on dev.architectury.transformer.handler.TinyRemapperPreparedTransformerHandler
[Architectury Transformer DEBUG] Found class transformer
[Architectury Transformer DEBUG] Writing net/bandit/many_bows/client/renderer/EtherealArrowRenderer with maxs=true frames=true
[Architectury Transformer DEBUG] Transformed net/bandit/many_bows/client/renderer/EtherealArrowRenderer in 113.1 μs
[Architectury Transformer DEBUG] Transforming from net/bandit/many_bows/client/renderer/SolarArrowRenderer.class to net/bandit/many_bows/client/renderer/SolarArrowRenderer.class with 5 transformer(s) on dev.architectury.transformer.handler.TinyRemapperPreparedTransformerHandler
[Architectury Transformer DEBUG] Found class transformer
[Architectury Transformer DEBUG] Writing net/bandit/many_bows/client/renderer/SolarArrowRenderer with maxs=true frames=true
[Architectury Transformer DEBUG] Transformed net/bandit/many_bows/client/renderer/SolarArrowRenderer in 114.6 μs
[Architectury Transformer DEBUG] Transforming from net/bandit/many_bows/client/renderer/AethersCallArrowRenderer.class to net/bandit/many_bows/client/renderer/AethersCallArrowRenderer.class with 5 transformer(s) on dev.architectury.transformer.handler.TinyRemapperPreparedTransformerHandler
[Architectury Transformer DEBUG] Found class transformer
[Architectury Transformer DEBUG] Writing net/bandit/many_bows/client/renderer/AethersCallArrowRenderer with maxs=true frames=true
[Architectury Transformer DEBUG] Transformed net/bandit/many_bows/client/renderer/AethersCallArrowRenderer in 119.1 μs
[Architectury Transformer DEBUG] Transforming from net/bandit/many_bows/client/renderer/BeaconBeamArrowRenderer.class to net/bandit/many_bows/client/renderer/BeaconBeamArrowRenderer.class with 5 transformer(s) on dev.architectury.transformer.handler.TinyRemapperPreparedTransformerHandler
[Architectury Transformer DEBUG] Found class transformer
[Architectury Transformer DEBUG] Writing net/bandit/many_bows/client/renderer/BeaconBeamArrowRenderer with maxs=true frames=true
[Architectury Transformer DEBUG] Transformed net/bandit/many_bows/client/renderer/BeaconBeamArrowRenderer in 149.0 μs
[Architectury Transformer DEBUG] Transforming from net/bandit/many_bows/client/renderer/GravewireArrowRenderer.class to net/bandit/many_bows/client/renderer/GravewireArrowRenderer.class with 5 transformer(s) on dev.architectury.transformer.handler.TinyRemapperPreparedTransformerHandler
[Architectury Transformer DEBUG] Found class transformer
[Architectury Transformer DEBUG] Writing net/bandit/many_bows/client/renderer/GravewireArrowRenderer with maxs=true frames=true
[Architectury Transformer DEBUG] Transformed net/bandit/many_bows/client/renderer/GravewireArrowRenderer in 158.4 μs
[Architectury Transformer DEBUG] Transforming from net/bandit/many_bows/client/renderer/GravewireMarkRenderer.class to net/bandit/many_bows/client/renderer/GravewireMarkRenderer.class with 5 transformer(s) on dev.architectury.transformer.handler.TinyRemapperPreparedTransformerHandler
[Architectury Transformer DEBUG] Found class transformer
[Architectury Transformer DEBUG] Writing net/bandit/many_bows/client/renderer/GravewireMarkRenderer with maxs=true frames=true
[Architectury Transformer DEBUG] Transformed net/bandit/many_bows/client/renderer/GravewireMarkRenderer in 94.20 μs
[Architectury Transformer DEBUG] Transforming from net/bandit/many_bows/client/renderer/VaultpiercerArrowRenderer.class to net/bandit/many_bows/client/renderer/VaultpiercerArrowRenderer.class with 5 transformer(s) on dev.architectury.transformer.handler.TinyRemapperPreparedTransformerHandler
[Architectury Transformer DEBUG] Found class transformer
[Architectury Transformer DEBUG] Writing net/bandit/many_bows/client/renderer/VaultpiercerArrowRenderer with maxs=true frames=true
[Architectury Transformer DEBUG] Transformed net/bandit/many_bows/client/renderer/VaultpiercerArrowRenderer in 124.5 μs
[Architectury Transformer DEBUG] Transforming from net/bandit/many_bows/client/renderer/VaultPortalRenderer.class to net/bandit/many_bows/client/renderer/VaultPortalRenderer.class with 5 transformer(s) on dev.architectury.transformer.handler.TinyRemapperPreparedTransformerHandler
[Architectury Transformer DEBUG] Found class transformer
[Architectury Transformer DEBUG] Writing net/bandit/many_bows/client/renderer/VaultPortalRenderer with maxs=true frames=true
[Architectury Transformer DEBUG] Transformed net/bandit/many_bows/client/renderer/VaultPortalRenderer in 89.00 μs
[Architectury Transformer DEBUG] Transforming from net/bandit/many_bows/client/renderer/SoulhoardArrowRenderer.class to net/bandit/many_bows/client/renderer/SoulhoardArrowRenderer.class with 5 transformer(s) on dev.architectury.transformer.handler.TinyRemapperPreparedTransformerHandler
[Architectury Transformer DEBUG] Found class transformer
[Architectury Transformer DEBUG] Writing net/bandit/many_bows/client/renderer/SoulhoardArrowRenderer with maxs=true frames=true
[Architectury Transformer DEBUG] Transformed net/bandit/many_bows/client/renderer/SoulhoardArrowRenderer in 117.7 μs
[Architectury Transformer DEBUG] Transforming from net/bandit/many_bows/client/renderer/HoardedSkullRenderer.class to net/bandit/many_bows/client/renderer/HoardedSkullRenderer.class with 5 transformer(s) on dev.architectury.transformer.handler.TinyRemapperPreparedTransformerHandler
[Architectury Transformer DEBUG] Found class transformer
[Architectury Transformer DEBUG] Writing net/bandit/many_bows/client/renderer/HoardedSkullRenderer with maxs=true frames=true
[Architectury Transformer DEBUG] Transformed net/bandit/many_bows/client/renderer/HoardedSkullRenderer in 80.30 μs
[Architectury Transformer DEBUG] Transforming from net/bandit/many_bows/client/ClientTooltipHelper.class to net/bandit/many_bows/client/ClientTooltipHelper.class with 5 transformer(s) on dev.architectury.transformer.handler.TinyRemapperPreparedTransformerHandler
[Architectury Transformer DEBUG] Found class transformer
[Architectury Transformer DEBUG] Writing net/bandit/many_bows/client/ClientTooltipHelper with maxs=true frames=true
[Architectury Transformer DEBUG] Transformed net/bandit/many_bows/client/ClientTooltipHelper in 533.2 μs
[Architectury Transformer DEBUG] Transforming from net/bandit/many_bows/client/PullSpeedItem.class to net/bandit/many_bows/client/PullSpeedItem.class with 5 transformer(s) on dev.architectury.transformer.handler.TinyRemapperPreparedTransformerHandler
[Architectury Transformer DEBUG] Found class transformer
[Architectury Transformer DEBUG] Writing net/bandit/many_bows/client/PullSpeedItem with maxs=true frames=true
[Architectury Transformer DEBUG] Transformed net/bandit/many_bows/client/PullSpeedItem in 514.1 μs
[Architectury Transformer DEBUG] Transforming from net/bandit/many_bows/common/SoulLanternCompatHelper.class to net/bandit/many_bows/common/SoulLanternCompatHelper.class with 5 transformer(s) on dev.architectury.transformer.handler.TinyRemapperPreparedTransformerHandler
[Architectury Transformer DEBUG] Found class transformer
[Architectury Transformer DEBUG] Writing net/bandit/many_bows/common/SoulLanternCompatHelper with maxs=true frames=true
[Architectury Transformer DEBUG] Transformed net/bandit/many_bows/common/SoulLanternCompatHelper in 2.752 ms
